round_id,client_id,codec_class_used,wmape,wmspe_sqrt,mse,mape,mspe_sqrt,w_mean_of_vec,model_size,compressed_bytes,basic_raw_bytes,compression_ratio,entropy_real_rate,global_eval_loss,global_eval_acc,global_eval_f1,global_eval_auc,train_loss,train_acc,train_f1,train_auc,test_loss,test_acc,test_f1,test_auc
0,0,identity,0.0,0.0,0.0,0.0,0.0,2.3031741875456646e-05,11181642,18.929532051086426,18.929532051086426,1.0,14.201172242860217,2.6011929083031675,0.08155347264904733,0.059210357968395876,0.5033687877242354,2.139949321746826,0.24570024013519287,0.1501723825931549,0.6274629831314087,2.2266037464141846,0.21542716026306152,0.12419792264699936,0.5772472023963928
0,1,identity,0.0,0.0,0.0,0.0,0.0,2.30177647608798e-05,11181642,18.935559272766113,18.935559272766113,1.0,14.20569394012078,2.6011929083031675,0.08155347264904733,0.059210357968395876,0.5033687877242354,2.142791509628296,0.23860223591327667,0.15776880085468292,0.6351490020751953,2.2237679958343506,0.22042101621627808,0.1295432597398758,0.5824370980262756
0,2,identity,0.0,0.0,0.0,0.0,0.0,2.3079061065800488e-05,11181642,18.934714317321777,18.934714317321777,1.0,14.20506004395419,2.6011929083031675,0.08155347264904733,0.059210357968395876,0.5033687877242354,2.131615161895752,0.2455122470855713,0.1521417647600174,0.6354588866233826,2.2198896408081055,0.2231484353542328,0.12889593839645386,0.5796085000038147
0,3,identity,0.0,0.0,0.0,0.0,0.0,2.3314500140259042e-05,11181642,18.94612693786621,18.94612693786621,1.0,14.21362193495374,2.6011929083031675,0.08155347264904733,0.059210357968395876,0.5033687877242354,2.1477150917053223,0.2328168749809265,0.15440116822719574,0.6310220956802368,2.2168374061584473,0.21719422936439514,0.12900257110595703,0.5818654298782349
0,4,identity,0.0,0.0,0.0,0.0,0.0,2.3006343326414935e-05,11181642,18.934781074523926,18.934781074523926,1.0,14.205110126044099,2.6011929083031675,0.08155347264904733,0.059210357968395876,0.5033687877242354,2.129307746887207,0.24783290922641754,0.160190150141716,0.6367195844650269,2.216965913772583,0.22134296596050262,0.12990835309028625,0.5816847085952759
1,0,identity,0.0,0.0,0.0,0.0,0.0,2.1491081497515552e-05,11181642,18.90360450744629,18.90360450744629,1.0,14.181721074597094,2.215582881885287,0.21784726490473263,0.12296835695733302,0.5723652799173037,2.0102200508117676,0.3054873049259186,0.19669224321842194,0.6976966857910156,2.0855214595794678,0.2837277054786682,0.17121297121047974,0.6496703028678894
1,1,identity,0.0,0.0,0.0,0.0,0.0,2.158366987714544e-05,11181642,18.907546997070312,18.907546997070312,1.0,14.18467877973557,2.215582881885287,0.21784726490473263,0.12296835695733302,0.5723652799173037,2.0071096420288086,0.3074665665626526,0.21328940987586975,0.7046558260917664,2.0944435596466064,0.2812691926956177,0.17793813347816467,0.6450820565223694
1,2,identity,0.0,0.0,0.0,0.0,0.0,2.127962034137454e-05,11181642,18.893752098083496,18.893752098083496,1.0,14.174329673584612,2.215582881885287,0.21784726490473263,0.12296835695733302,0.5723652799173037,2.011531352996826,0.3023684322834015,0.19751502573490143,0.6983879208564758,2.0990817546844482,0.27320221066474915,0.16103288531303406,0.6429792642593384
1,3,identity,0.0,0.0,0.0,0.0,0.0,2.1532814571401104e-05,11181642,18.906463623046875,18.906463623046875,1.0,14.183866018962153,2.215582881885287,0.21784726490473263,0.12296835695733302,0.5723652799173037,2.013767719268799,0.3014128804206848,0.20763660967350006,0.7039687037467957,2.0924506187438965,0.28165334463119507,0.17632842063903809,0.6465873122215271
1,4,identity,0.0,0.0,0.0,0.0,0.0,2.129833410435822e-05,11181642,18.897396087646484,18.897396087646484,1.0,14.177063440235344,2.215582881885287,0.21784726490473263,0.12296835695733302,0.5723652799173037,2.0119740962982178,0.3077605664730072,0.2030557245016098,0.6987925171852112,2.0922837257385254,0.2804240882396698,0.1715385615825653,0.6469985246658325
2,0,identity,0.0,0.0,0.0,0.0,0.0,2.2320742573356256e-05,11181642,18.930164337158203,18.930164337158203,1.0,14.20164659179752,2.0894719095924694,0.279079594345421,0.16365603627951744,0.6468563157958097,1.848864197731018,0.37674036622047424,0.2631393074989319,0.7650632262229919,1.9250901937484741,0.3474569618701935,0.22553645074367523,0.7204310894012451
2,1,identity,0.0,0.0,0.0,0.0,0.0,2.2274138245848008e-05,11181642,18.92678451538086,18.92678451538086,1.0,14.199111007131153,2.0894719095924694,0.279079594345421,0.16365603627951744,0.6468563157958097,1.8502229452133179,0.37517061829566956,0.2780935764312744,0.7705168128013611,1.9333876371383667,0.3437691926956177,0.22843371331691742,0.7171415090560913
2,2,identity,0.0,0.0,0.0,0.0,0.0,2.2210748284123838e-05,11181642,18.925065994262695,18.925065994262695,1.0,14.19782175104515,2.0894719095924694,0.279079594345421,0.16365603627951744,0.6468563157958097,1.8452860116958618,0.37690261006355286,0.2704682946205139,0.7678458094596863,1.9395331144332886,0.3432314097881317,0.22253982722759247,0.7144219279289246
2,3,identity,0.0,0.0,0.0,0.0,0.0,2.2089696358307265e-05,11181642,18.92330551147461,18.92330551147461,1.0,14.196501014788346,2.0894719095924694,0.279079594345421,0.16365603627951744,0.6468563157958097,1.861525058746338,0.36946284770965576,0.27081379294395447,0.7666233777999878,1.941390037536621,0.3422326445579529,0.2244196981191635,0.7130526304244995
2,4,identity,0.0,0.0,0.0,0.0,0.0,2.238900378870312e-05,11181642,18.931157112121582,18.931157112121582,1.0,14.202391384020343,2.0894719095924694,0.279079594345421,0.16365603627951744,0.6468563157958097,1.852016568183899,0.37546923756599426,0.2733745574951172,0.7643364071846008,1.9294655323028564,0.3423478901386261,0.22300873696804047,0.719417154788971
3,0,identity,0.0,0.0,0.0,0.0,0.0,2.2745543901692145e-05,11181642,18.941577911376953,18.941577911376953,1.0,14.210209198255498,1.9373270012552781,0.34561309157959436,0.2227795672187208,0.7195934817096935,1.6923633813858032,0.4363909363746643,0.33453285694122314,0.811839759349823,1.7671846151351929,0.40342655777931213,0.2867525517940521,0.774761438369751
3,1,identity,0.0,0.0,0.0,0.0,0.0,2.2812306269770488e-05,11181642,18.938642501831055,18.938642501831055,1.0,14.208007017216255,1.9373270012552781,0.34561309157959436,0.2227795672187208,0.7195934817096935,1.6721996068954468,0.4482664465904236,0.35890263319015503,0.8238229155540466,1.7609798908233643,0.40807467699050903,0.29603293538093567,0.7767612338066101
3,2,identity,0.0,0.0,0.0,0.0,0.0,2.2641252144239843e-05,11181642,18.936500549316406,18.936500549316406,1.0,14.20640009758853,1.9373270012552781,0.34561309157959436,0.2227795672187208,0.7195934817096935,1.683671236038208,0.4491161108016968,0.34874704480171204,0.8144014477729797,1.7708709239959717,0.4039643406867981,0.28730809688568115,0.773769199848175
3,3,identity,0.0,0.0,0.0,0.0,0.0,2.2625807105214335e-05,11181642,18.937352180480957,18.937352180480957,1.0,14.207039001964112,1.9373270012552781,0.34561309157959436,0.2227795672187208,0.7195934817096935,1.6879068613052368,0.44222238659858704,0.3498312830924988,0.8197136521339417,1.7642992734909058,0.4085356593132019,0.29076558351516724,0.7762906551361084
3,4,identity,0.0,0.0,0.0,0.0,0.0,2.2814891053712927e-05,11181642,18.94329071044922,18.94329071044922,1.0,14.211494161590936,1.9373270012552781,0.34561309157959436,0.2227795672187208,0.7195934817096935,1.6822823286056519,0.4470002055168152,0.3482869863510132,0.8178657293319702,1.7600045204162598,0.4104563593864441,0.2928149104118347,0.7770732045173645
4,0,identity,0.0,0.0,0.0,0.0,0.0,2.2300197088043205e-05,11181642,18.92244529724121,18.92244529724121,1.0,14.195855671286917,1.7715399120399098,0.4087661339889367,0.28981094408746755,0.7792835736292444,1.5610471963882446,0.484575480222702,0.39330077171325684,0.8417627215385437,1.642957329750061,0.44560539722442627,0.3372185528278351,0.8112136125564575
4,1,identity,0.0,0.0,0.0,0.0,0.0,2.250060424557887e-05,11181642,18.92941951751709,18.92941951751709,1.0,14.201087818765794,1.7715399120399098,0.4087661339889367,0.28981094408746755,0.7792835736292444,1.5044125318527222,0.5115342736244202,0.4296029210090637,0.863371729850769,1.6030492782592773,0.4641210734844208,0.3581661880016327,0.821483314037323
4,2,identity,0.0,0.0,0.0,0.0,0.0,2.2261143385549076e-05,11181642,18.920960426330566,18.920960426330566,1.0,14.194741702515605,1.7715399120399098,0.4087661339889367,0.28981094408746755,0.7792835736292444,1.4996386766433716,0.5120469331741333,0.4223440885543823,0.8608171939849854,1.594067096710205,0.46623387932777405,0.3575424551963806,0.8230840563774109
4,3,identity,0.0,0.0,0.0,0.0,0.0,2.2352080122800544e-05,11181642,18.925490379333496,18.925490379333496,1.0,14.198140130045301,1.7715399120399098,0.4087661339889367,0.28981094408746755,0.7792835736292444,1.5276646614074707,0.5035833716392517,0.4200538396835327,0.8562958836555481,1.6050946712493896,0.46273815631866455,0.3575773537158966,0.8211681842803955
4,4,identity,0.0,0.0,0.0,0.0,0.0,2.2613767214352265e-05,11181642,18.93276309967041,18.93276309967041,1.0,14.203596216011924,1.7715399120399098,0.4087661339889367,0.28981094408746755,0.7792835736292444,1.4946458339691162,0.5132755637168884,0.42005670070648193,0.8630478382110596,1.5976433753967285,0.4658881425857544,0.3530791997909546,0.8225675225257874
5,0,identity,0.0,0.0,0.0,0.0,0.0,2.15355830732733e-05,11181642,18.89215087890625,18.89215087890625,1.0,14.173128418885169,1.6115256248439245,0.4679240934234788,0.36009504875481,0.8240815881520606,1.4006539583206177,0.5379470586776733,0.45986634492874146,0.8770207166671753,1.481062412261963,0.5018438696861267,0.40306100249290466,0.8503246903419495
5,1,identity,0.0,0.0,0.0,0.0,0.0,2.1670926798833534e-05,11181642,18.90000057220459,18.90000057220459,1.0,14.17901735720031,1.6115256248439245,0.4679240934234788,0.36009504875481,0.8240815881520606,1.3467273712158203,0.5725498199462891,0.5006405711174011,0.8918071985244751,1.4486067295074463,0.5207821130752563,0.42860448360443115,0.857178807258606
5,2,identity,0.0,0.0,0.0,0.0,0.0,2.1480300347320735e-05,11181642,18.89152431488037,18.89152431488037,1.0,14.17265836269843,1.6115256248439245,0.4679240934234788,0.36009504875481,0.8240815881520606,1.35004460811615,0.5667872428894043,0.4860954284667969,0.8886959552764893,1.4489963054656982,0.5174016356468201,0.4192957282066345,0.8577654361724854
5,3,identity,0.0,0.0,0.0,0.0,0.0,2.1724905309383757e-05,11181642,18.899919509887695,18.899919509887695,1.0,14.17895654323399,1.6115256248439245,0.4679240934234788,0.36009504875481,0.8240815881520606,1.3727474212646484,0.5636475086212158,0.48978930711746216,0.8866819143295288,1.4589462280273438,0.5148279070854187,0.41633227467536926,0.855720579624176
5,4,identity,0.0,0.0,0.0,0.0,0.0,2.1742253011325374e-05,11181642,18.90293598175049,18.90293598175049,1.0,14.181219538239553,1.6115256248439245,0.4679240934234788,0.36009504875481,0.8240815881520606,1.344793677330017,0.5722476243972778,0.4946683645248413,0.8906098008155823,1.4553335905075073,0.516940712928772,0.42160093784332275,0.8550693392753601
6,0,identity,0.0,0.0,0.0,0.0,0.0,2.0430701624718495e-05,11181642,18.850921630859375,18.850921630859375,1.0,14.142197720155949,1.4641216795321397,0.5210125998770744,0.42471363550074226,0.8581581799604573,1.2136777639389038,0.6145235896110535,0.5457210540771484,0.9107425212860107,1.320493221282959,0.5656499862670898,0.479288250207901,0.8827879428863525
6,1,identity,0.0,0.0,0.0,0.0,0.0,2.0591614884324372e-05,11181642,18.85920810699463,18.85920810699463,1.0,14.148414338430795,1.4641216795321397,0.5210125998770744,0.42471363550074226,0.8581581799604573,1.2138397693634033,0.6149331331253052,0.5523046851158142,0.912003219127655,1.3334765434265137,0.5597341656684875,0.4738388955593109,0.8803109526634216
6,2,identity,0.0,0.0,0.0,0.0,0.0,2.0313791537773795e-05,11181642,18.84804058074951,18.84804058074951,1.0,14.140036320247063,1.4641216795321397,0.5210125998770744,0.42471363550074226,0.8581581799604573,1.2233490943908691,0.6115623712539673,0.5459876656532288,0.9087063670158386,1.3359220027923584,0.5590811371803284,0.4729965329170227,0.8795005679130554
6,3,identity,0.0,0.0,0.0,0.0,0.0,2.06763234018581e-05,11181642,18.860244750976562,18.860244750976562,1.0,14.149192041741276,1.4641216795321397,0.5210125998770744,0.42471363550074226,0.8581581799604573,1.2290070056915283,0.6154528856277466,0.5537413954734802,0.9097684621810913,1.3197273015975952,0.5697603225708008,0.4854195713996887,0.8833253979682922
6,4,identity,0.0,0.0,0.0,0.0,0.0,2.052317540801596e-05,11181642,18.855499267578125,18.855499267578125,1.0,14.14563192060701,1.4641216795321397,0.5210125998770744,0.42471363550074226,0.8581581799604573,1.2110159397125244,0.614292562007904,0.5425834059715271,0.911328136920929,1.325053095817566,0.5616933107376099,0.4714195430278778,0.8812131881713867
7,0,identity,0.0,0.0,0.0,0.0,0.0,1.9229482859373093e-05,11181642,18.801433563232422,18.801433563232422,1.0,14.105071151446273,1.3352026734237812,0.5670712968653965,0.4807548636898976,0.8829799322879506,1.1086996793746948,0.6523341536521912,0.5955102443695068,0.9251969456672668,1.2249720096588135,0.5999923348426819,0.5242902636528015,0.899337112903595
7,1,identity,0.0,0.0,0.0,0.0,0.0,1.9296012396807782e-05,11181642,18.805846214294434,18.805846214294434,1.0,14.108381577589409,1.3352026734237812,0.5670712968653965,0.4807548636898976,0.8829799322879506,1.0939538478851318,0.6554054021835327,0.6031193733215332,0.9280601143836975,1.2181137800216675,0.6013752222061157,0.5279471278190613,0.8998141884803772
7,2,identity,0.0,0.0,0.0,0.0,0.0,1.9072980649070814e-05,11181642,18.795312881469727,18.795312881469727,1.0,14.100479339259833,1.3352026734237812,0.5670712968653965,0.4807548636898976,0.8829799322879506,1.1415106058120728,0.6340864300727844,0.5782403349876404,0.9201645851135254,1.2580646276474,0.5846650004386902,0.5089461803436279,0.8940152525901794
7,3,identity,0.0,0.0,0.0,0.0,0.0,1.946625161508564e-05,11181642,18.812745094299316,18.812745094299316,1.0,14.11355720385253,1.3352026734237812,0.5670712968653965,0.4807548636898976,0.8829799322879506,1.1206625699996948,0.6497167348861694,0.5936411023139954,0.9237576127052307,1.2261013984680176,0.5991088151931763,0.5229846835136414,0.898813009262085
7,4,identity,0.0,0.0,0.0,0.0,0.0,1.9310469724587165e-05,11181642,18.806859970092773,18.806859970092773,1.0,14.109142109897634,1.3352026734237812,0.5670712968653965,0.4807548636898976,0.8829799322879506,1.1069451570510864,0.650877058506012,0.5914731621742249,0.9255673885345459,1.2306067943572998,0.5961124897003174,0.5188148617744446,0.8986675143241882
8,0,identity,0.0,0.0,0.0,0.0,0.0,1.8062066374113783e-05,11181642,18.749905586242676,18.749905586242676,1.0,14.066414217160592,1.2274907096148857,0.6053703134603565,0.5290586338023859,0.9009030307707576,1.0365020036697388,0.6715806722640991,0.6230515241622925,0.9327649474143982,1.1436216831207275,0.6270359754562378,0.5611411333084106,0.9117449522018433
8,1,identity,0.0,0.0,0.0,0.0,0.0,1.8103619368048385e-05,11181642,18.75413417816162,18.75413417816162,1.0,14.06958655982726,1.2274907096148857,0.6053703134603565,0.5290586338023859,0.9009030307707576,1.031762957572937,0.6708981990814209,0.6242061853408813,0.9342498779296875,1.1638286113739014,0.6191226243972778,0.5528217554092407,0.9083691239356995
8,2,identity,0.0,0.0,0.0,0.0,0.0,1.795083335309755e-05,11181642,18.748268127441406,18.748268127441406,1.0,14.065185775040911,1.2274907096148857,0.6053703134603565,0.5290586338023859,0.9009030307707576,1.0323989391326904,0.6736059188842773,0.6223099231719971,0.9343888163566589,1.1505836248397827,0.6254609823226929,0.5579639077186584,0.9108525514602661
8,3,identity,0.0,0.0,0.0,0.0,0.0,1.8299182556802407e-05,11181642,18.761852264404297,18.761852264404297,1.0,14.075376764879433,1.2274907096148857,0.6053703134603565,0.5290586338023859,0.9009030307707576,1.0165411233901978,0.6854822039604187,0.6379222273826599,0.9374871253967285,1.1391886472702026,0.6299170255661011,0.5625517964363098,0.9128110408782959
8,4,identity,0.0,0.0,0.0,0.0,0.0,1.807740773074329e-05,11181642,18.753050804138184,18.753050804138184,1.0,14.068773799053842,1.2274907096148857,0.6053703134603565,0.5290586338023859,0.9009030307707576,1.0037139654159546,0.6857552528381348,0.6350853443145752,0.9384657740592957,1.134891390800476,0.6309926509857178,0.5628471374511719,0.9128967523574829
9,0,identity,0.0,0.0,0.0,0.0,0.0,1.706480725260917e-05,11181642,18.704526901245117,18.704526901245117,1.0,14.03237055881417,1.1398901625982296,0.6363706207744315,0.569406393502956,0.913878932078975,0.9504873752593994,0.7012012004852295,0.6604451537132263,0.9434553980827332,1.0775798559188843,0.6508527994155884,0.591176450252533,0.9211161732673645
9,1,identity,0.0,0.0,0.0,0.0,0.0,1.706961847958155e-05,11181642,18.705551147460938,18.705551147460938,1.0,14.033138961165095,1.1398901625982296,0.6363706207744315,0.569406393502956,0.913878932078975,0.9327017068862915,0.7061834335327148,0.6664586663246155,0.9470952153205872,1.07914400100708,0.6506223082542419,0.5917240381240845,0.9216296672821045
9,2,identity,0.0,0.0,0.0,0.0,0.0,1.700908069324214e-05,11181642,18.702866554260254,18.702866554260254,1.0,14.031124945692234,1.1398901625982296,0.6363706207744315,0.569406393502956,0.913878932078975,0.9536373019218445,0.7021363973617554,0.657954752445221,0.9440404772758484,1.0879484415054321,0.6493546366691589,0.5878962278366089,0.9199151992797852
9,3,identity,0.0,0.0,0.0,0.0,0.0,1.7280532119912095e-05,11181642,18.7164249420166,18.7164249420166,1.0,14.04129661815322,1.1398901625982296,0.6363706207744315,0.569406393502956,0.913878932078975,0.9396448731422424,0.7064363956451416,0.665506899356842,0.9457414746284485,1.0685839653015137,0.6517747640609741,0.5904178619384766,0.9226605296134949
9,4,identity,0.0,0.0,0.0,0.0,0.0,1.7029116861522198e-05,11181642,18.70525074005127,18.70525074005127,1.0,14.032913591760494,1.1398901625982296,0.6363706207744315,0.569406393502956,0.913878932078975,0.9336408972740173,0.7073919773101807,0.6619983911514282,0.9461696147918701,1.0728553533554077,0.6529271602630615,0.5912754535675049,0.922057032585144
10,0,identity,0.0,0.0,0.0,0.0,0.0,1.6201664038817398e-05,11181642,18.6614408493042,18.6614408493042,1.0,14.000046862526988,1.0686092073831663,0.6594960049170252,0.5995780654437036,0.9237578639999777,0.8917834162712097,0.7224951982498169,0.6850935220718384,0.9495659470558167,1.0210020542144775,0.6690227389335632,0.6143284440040588,0.9288061261177063
10,1,identity,0.0,0.0,0.0,0.0,0.0,1.6191874237847514e-05,11181642,18.662155151367188,18.662155151367188,1.0,14.000582740889039,1.0686092073831663,0.6594960049170252,0.5995780654437036,0.9237578639999777,0.8765790462493896,0.7230412364006042,0.6883351802825928,0.9524866938591003,1.027341604232788,0.6673709154129028,0.6129071116447449,0.9281456470489502
10,2,identity,0.0,0.0,0.0,0.0,0.0,1.617040288692806e-05,11181642,18.66189479827881,18.66189479827881,1.0,14.000387420738384,1.0686092073831663,0.6594960049170252,0.5995780654437036,0.9237578639999777,0.8727240562438965,0.7235683798789978,0.6826832294464111,0.9527519941329956,1.0135606527328491,0.6720574498176575,0.6151123642921448,0.9301363825798035
10,3,identity,0.0,0.0,0.0,0.0,0.0,1.6389338270528242e-05,11181642,18.673264503479004,18.673264503479004,1.0,14.008917116108707,1.0686092073831663,0.6594960049170252,0.5995780654437036,0.9237578639999777,0.8773985505104065,0.7295064926147461,0.695549726486206,0.9521471858024597,1.0197662115097046,0.6716349124908447,0.6168009042739868,0.9296063780784607
10,4,identity,0.0,0.0,0.0,0.0,0.0,1.6168834918062203e-05,11181642,18.66337776184082,18.66337776184082,1.0,14.001499958592843,1.0686092073831663,0.6594960049170252,0.5995780654437036,0.9237578639999777,0.8727965950965881,0.7254112362861633,0.686626672744751,0.952605664730072,1.0124458074569702,0.6732867360115051,0.6183257699012756,0.9303941130638123
11,0,identity,0.0,0.0,0.0,0.0,0.0,1.548016007291153e-05,11181642,18.62675666809082,18.62675666809082,1.0,13.974026354984357,1.0083260886329921,0.6801628764597418,0.6257824421598958,0.9316063354312124,0.8191536664962769,0.7458367347717285,0.7140781879425049,0.9576435089111328,0.9643124341964722,0.6881146430969238,0.6371594071388245,0.9367029070854187
11,1,identity,0.0,0.0,0.0,0.0,0.0,1.5515097402385436e-05,11181642,18.63047504425049,18.63047504425049,1.0,13.976815927392417,1.0083260886329921,0.6801628764597418,0.6257824421598958,0.9316063354312124,0.8402736783027649,0.7340294718742371,0.7043548822402954,0.9553759098052979,0.9912861585617065,0.6776659488677979,0.6271520853042603,0.933401882648468
11,2,identity,0.0,0.0,0.0,0.0,0.0,1.547696956549771e-05,11181642,18.625733375549316,18.625733375549316,1.0,13.97325866809186,1.0083260886329921,0.6801628764597418,0.6257824421598958,0.9316063354312124,0.8157520294189453,0.742747962474823,0.7072756290435791,0.958340048789978,0.9654626250267029,0.6883835196495056,0.6378631591796875,0.9366171360015869
11,3,identity,0.0,0.0,0.0,0.0,0.0,1.568388324812986e-05,11181642,18.638895988464355,18.638895988464355,1.0,13.983133425305514,1.0083260886329921,0.6801628764597418,0.6257824421598958,0.9316063354312124,0.8171024322509766,0.7482082843780518,0.7167673110961914,0.9580921530723572,0.962729811668396,0.6897664666175842,0.6399347186088562,0.9367935657501221
11,4,identity,0.0,0.0,0.0,0.0,0.0,1.553347465232946e-05,11181642,18.63089942932129,18.63089942932129,1.0,13.977134306392568,1.0083260886329921,0.6801628764597418,0.6257824421598958,0.9316063354312124,0.8349534869194031,0.7365367412567139,0.7009122371673584,0.9567045569419861,0.9924672842025757,0.6794329881668091,0.6296021342277527,0.9334599375724792
12,0,identity,0.0,0.0,0.0,0.0,0.0,1.4892882063577417e-05,11181642,18.59608554840088,18.59608554840088,1.0,13.951016496503822,0.9590221977189926,0.6949523663183774,0.6444614877900812,0.9377758765837483,0.7846506834030151,0.7613977789878845,0.7327143549919128,0.9608832597732544,0.9314653873443604,0.700330376625061,0.6540025472640991,0.9407081007957458
12,1,identity,0.0,0.0,0.0,0.0,0.0,1.4894759260641877e-05,11181642,18.596588134765625,18.596588134765625,1.0,13.951393543095012,0.9590221977189926,0.6949523663183774,0.6444614877900812,0.9377758765837483,0.7605950832366943,0.7666530013084412,0.7395874857902527,0.9639802575111389,0.9354286193847656,0.6986785531044006,0.6538538336753845,0.9406453371047974
12,2,identity,0.0,0.0,0.0,0.0,0.0,1.491893817728851e-05,11181642,18.59745693206787,18.59745693206787,1.0,13.952045325722287,0.9590221977189926,0.6949523663183774,0.6444614877900812,0.9377758765837483,0.7651739716529846,0.7598116397857666,0.728432297706604,0.9635308384895325,0.9306743741035461,0.6982560157775879,0.6515330076217651,0.9409582614898682
12,3,identity,0.0,0.0,0.0,0.0,0.0,1.5062561033118982e-05,11181642,18.606423377990723,18.606423377990723,1.0,13.958772065855802,0.9590221977189926,0.6949523663183774,0.6444614877900812,0.9377758765837483,0.7688806653022766,0.7641116380691528,0.7364308834075928,0.9627179503440857,0.926770806312561,0.6981407403945923,0.6495171785354614,0.9411720037460327
12,4,identity,0.0,0.0,0.0,0.0,0.0,1.4929958524589892e-05,11181642,18.598944664001465,18.598944664001465,1.0,13.95316144086888,0.9590221977189926,0.6949523663183774,0.6444614877900812,0.9377758765837483,0.7891365885734558,0.7480035424232483,0.714919924736023,0.9605843424797058,0.9431896805763245,0.6981023550033569,0.6527719497680664,0.9391498565673828
13,0,identity,0.0,0.0,0.0,0.0,0.0,1.4334048501041252e-05,11181642,18.567797660827637,18.567797660827637,1.0,13.929794568633122,0.9189975545057579,0.7064382298709281,0.6596054555064188,0.942592667210256,0.7284183502197266,0.7757302522659302,0.7487291097640991,0.9661917686462402,0.8837729692459106,0.7173478603363037,0.6737315058708191,0.9463939666748047
13,1,identity,0.0,0.0,0.0,0.0,0.0,1.4291639672592282e-05,11181642,18.565478324890137,18.565478324890137,1.0,13.928054573737917,0.9189975545057579,0.7064382298709281,0.6596054555064188,0.942592667210256,0.7445694208145142,0.765561044216156,0.7398528456687927,0.9647539258003235,0.9136379361152649,0.704440712928772,0.6615162491798401,0.9430782198905945
13,2,identity,0.0,0.0,0.0,0.0,0.0,1.4382686458702665e-05,11181642,18.56864356994629,18.56864356994629,1.0,13.930429180258141,0.9189975545057579,0.7064382298709281,0.6596054555064188,0.942592667210256,0.734046459197998,0.7665688395500183,0.7372403144836426,0.9659157991409302,0.896744430065155,0.7122771739959717,0.6686459183692932,0.945237934589386
13,3,identity,0.0,0.0,0.0,0.0,0.0,1.4468933841271792e-05,11181642,18.57694149017334,18.57694149017334,1.0,13.936654384034115,0.9189975545057579,0.7064382298709281,0.6596054555064188,0.942592667210256,0.7677919268608093,0.7612449526786804,0.7357683777809143,0.9623721241950989,0.9301236271858215,0.6983712315559387,0.6528683304786682,0.9407491683959961
13,4,identity,0.0,0.0,0.0,0.0,0.0,1.4424806977331173e-05,11181642,18.57382106781006,18.57382106781006,1.0,13.934313404059976,0.9189975545057579,0.7064382298709281,0.6596054555064188,0.942592667210256,0.7324895858764648,0.7729848027229309,0.7440125346183777,0.9659563899040222,0.9016819000244141,0.7097418308258057,0.6672504544258118,0.9445034265518188
14,0,identity,0.0,0.0,0.0,0.0,0.0,1.398207950842334e-05,11181642,18.54776668548584,18.54776668548584,1.0,13.914767079826023,0.8825211628822732,0.7188844499078058,0.6754706766474156,0.9468743972027814,0.6866234540939331,0.7883565425872803,0.763185441493988,0.9697485566139221,0.8541377186775208,0.7252996563911438,0.6844051480293274,0.9500371217727661
14,1,identity,0.0,0.0,0.0,0.0,0.0,1.4027139513927978e-05,11181642,18.551779747009277,18.551779747009277,1.0,13.917777728888119,0.8825211628822732,0.7188844499078058,0.6754706766474156,0.9468743972027814,0.6833708882331848,0.7877423167228699,0.7639716863632202,0.9703040719032288,0.8652874827384949,0.7226490378379822,0.6803738474845886,0.9487974047660828
14,2,identity,0.0,0.0,0.0,0.0,0.0,1.3944669262855314e-05,11181642,18.545595169067383,18.545595169067383,1.0,13.91313798098705,0.8825211628822732,0.7188844499078058,0.6754706766474156,0.9468743972027814,0.695628821849823,0.7846563458442688,0.7588964104652405,0.9694820642471313,0.8729259967803955,0.7173094749450684,0.6745907664299011,0.9478013515472412
14,3,identity,0.0,0.0,0.0,0.0,0.0,1.4128998373053037e-05,11181642,18.556424140930176,18.556424140930176,1.0,13.921262011429091,0.8825211628822732,0.7188844499078058,0.6754706766474156,0.9468743972027814,0.7303161025047302,0.7723022103309631,0.7489255666732788,0.9659101366996765,0.8910695314407349,0.7123540043830872,0.6728829145431519,0.9461863040924072
14,4,identity,0.0,0.0,0.0,0.0,0.0,1.4021609786141198e-05,11181642,18.548751831054688,18.548751831054688,1.0,13.915506148381427,0.8825211628822732,0.7188844499078058,0.6754706766474156,0.9468743972027814,0.7217248678207397,0.7747594118118286,0.7475237846374512,0.9661177396774292,0.8880378603935242,0.7147741317749023,0.67462557554245,0.946351945400238
15,0,identity,0.0,0.0,0.0,0.0,0.0,1.3560154002334457e-05,11181642,18.52603816986084,18.52603816986084,1.0,13.89846607501832,0.852418743179265,0.7273740012292563,0.6864935843301747,0.9503960079624706,0.6586960554122925,0.7993447780609131,0.7757720351219177,0.9723635315895081,0.8381851315498352,0.7302166819572449,0.6919223666191101,0.9520099759101868
15,1,identity,0.0,0.0,0.0,0.0,0.0,1.368141602142714e-05,11181642,18.53126335144043,18.53126335144043,1.0,13.902386071741521,0.852418743179265,0.7273740012292563,0.6864935843301747,0.9503960079624706,0.6784863471984863,0.7864455580711365,0.7645041942596436,0.9707492589950562,0.8598547577857971,0.7238783240318298,0.6848023533821106,0.9497948884963989
15,2,identity,0.0,0.0,0.0,0.0,0.0,1.3613004739454482e-05,11181642,18.527236938476562,18.527236938476562,1.0,13.899365406261442,0.852418743179265,0.7273740012292563,0.6864935843301747,0.9503960079624706,0.658592164516449,0.7944850325584412,0.7695300579071045,0.9724689722061157,0.8404574990272522,0.7309080958366394,0.691317617893219,0.9516924619674683
15,3,identity,0.0,0.0,0.0,0.0,0.0,1.369791880279081e-05,11181642,18.533902168273926,18.533902168273926,1.0,13.904365745209871,0.852418743179265,0.7273740012292563,0.6864935843301747,0.9503960079624706,0.6697790026664734,0.7948945760726929,0.7731144428253174,0.9714933633804321,0.8476415276527405,0.7257605791091919,0.686017632484436,0.9507877230644226
15,4,identity,0.0,0.0,0.0,0.0,0.0,1.3607607797894161e-05,11181642,18.52725124359131,18.52725124359131,1.0,13.899376138137852,0.852418743179265,0.7273740012292563,0.6864935843301747,0.9503960079624706,0.6844985485076904,0.7852023839950562,0.7592492699623108,0.9697769284248352,0.8606184124946594,0.7209972143173218,0.6827263832092285,0.9496227502822876
16,0,identity,0.0,0.0,0.0,0.0,0.0,1.3270050658320542e-05,11181642,18.510215759277344,18.510215759277344,1.0,13.886595904250914,0.8289283333596966,0.7346342962507683,0.6964855791815849,0.9529238282151032,0.6624934077262878,0.79320228099823,0.7700034379959106,0.9717356562614441,0.8368481397628784,0.7322142124176025,0.6955074071884155,0.9524667859077454
16,1,identity,0.0,0.0,0.0,0.0,0.0,1.3323920029506553e-05,11181642,18.511780738830566,18.511780738830566,1.0,13.88776997153012,0.8289283333596966,0.7346342962507683,0.6964855791815849,0.9529238282151032,0.6374271512031555,0.799686074256897,0.7791029810905457,0.973953902721405,0.8223523497581482,0.7365934252738953,0.6995412111282349,0.9535205364227295
16,2,identity,0.0,0.0,0.0,0.0,0.0,1.3246444723336026e-05,11181642,18.506643295288086,18.506643295288086,1.0,13.883915796982231,0.8289283333596966,0.7346342962507683,0.6964855791815849,0.9529238282151032,0.6288155913352966,0.8054057955741882,0.7830964922904968,0.9753057956695557,0.8205278515815735,0.7375922203063965,0.7011324763298035,0.9540134072303772
16,3,identity,0.0,0.0,0.0,0.0,0.0,1.3395667338045314e-05,11181642,18.51598834991455,18.51598834991455,1.0,13.890926574111388,0.8289283333596966,0.7346342962507683,0.6964855791815849,0.9529238282151032,0.6347485780715942,0.80520099401474,0.7851978540420532,0.9743381142616272,0.8199750781059265,0.7367086410522461,0.6994619965553284,0.9539098143577576
16,4,identity,0.0,0.0,0.0,0.0,0.0,1.3304896128829569e-05,11181642,18.512357711791992,18.512357711791992,1.0,13.88820282387864,0.8289283333596966,0.7346342962507683,0.6964855791815849,0.9529238282151032,0.6272358298301697,0.8059518337249756,0.7829396724700928,0.9747545719146729,0.8148012757301331,0.7406269311904907,0.7038575410842896,0.9543105959892273
17,0,identity,0.0,0.0,0.0,0.0,0.0,1.3026720807829406e-05,11181642,18.49549388885498,18.49549388885498,1.0,13.875551372508617,0.8036377143753622,0.7434695759065765,0.7067450338884409,0.955539565478589,0.6091474294662476,0.8135408163070679,0.7932929992675781,0.9763291478157043,0.7968433499336243,0.7469652891159058,0.7122312784194946,0.9565442800521851
17,1,identity,0.0,0.0,0.0,0.0,0.0,1.3054415830993094e-05,11181642,18.49618434906006,18.49618434906006,1.0,13.876069364409986,0.8036377143753622,0.7434695759065765,0.7067450338884409,0.955539565478589,0.595611572265625,0.8166120648384094,0.7969046235084534,0.9773199558258057,0.7955967783927917,0.7453134655952454,0.709911048412323,0.9564831852912903
17,2,identity,0.0,0.0,0.0,0.0,0.0,1.2986327419639565e-05,11181642,18.490304946899414,18.490304946899414,1.0,13.871658563205655,0.8036377143753622,0.7434695759065765,0.7067450338884409,0.955539565478589,0.6001552939414978,0.8145518898963928,0.7929648160934448,0.9772709608078003,0.8021971583366394,0.7436232566833496,0.7073195576667786,0.9561379551887512
17,3,identity,0.0,0.0,0.0,0.0,0.0,1.3090791071590502e-05,11181642,18.499716758728027,18.499716758728027,1.0,13.878719422424721,0.8036377143753622,0.7434695759065765,0.7067450338884409,0.955539565478589,0.6090679168701172,0.8159170150756836,0.7971056699752808,0.9763462543487549,0.8059052228927612,0.7408574223518372,0.7053954005241394,0.9557130336761475
17,4,identity,0.0,0.0,0.0,0.0,0.0,1.3066532119410113e-05,11181642,18.497318267822266,18.497318267822266,1.0,13.87692004448005,0.8036377143753622,0.7434695759065765,0.7067450338884409,0.955539565478589,0.6069185733795166,0.8098423480987549,0.7877184748649597,0.9763246178627014,0.802514374256134,0.742586076259613,0.7065455317497253,0.9557113647460938
18,0,identity,0.0,0.0,0.0,0.0,0.0,1.277643968933262e-05,11181642,18.476765632629395,18.476765632629395,1.0,13.861501199913215,0.783391410257088,0.751959127228027,0.7165406963527007,0.9577217759130534,0.5960190892219543,0.8169533014297485,0.7957472205162048,0.9770047664642334,0.7811483144760132,0.7500383853912354,0.7160666584968567,0.9582455158233643
18,1,identity,0.0,0.0,0.0,0.0,0.0,1.2848711776314303e-05,11181642,18.48306369781494,18.48306369781494,1.0,13.866226087367133,0.783391410257088,0.751959127228027,0.7165406963527007,0.9577217759130534,0.5892228484153748,0.8153835535049438,0.796920120716095,0.9775576591491699,0.7900595664978027,0.7486554980278015,0.7134872674942017,0.9571300745010376
18,2,identity,0.0,0.0,0.0,0.0,0.0,1.2738164514303207e-05,11181642,18.477290153503418,18.477290153503418,1.0,13.861894702048232,0.783391410257088,0.751959127228027,0.7165406963527007,0.9577217759130534,0.5938345193862915,0.8166677951812744,0.796474277973175,0.9773374199867249,0.7954846024513245,0.7456976175308228,0.7105634212493896,0.9567511081695557
18,3,identity,0.0,0.0,0.0,0.0,0.0,1.2881301699962933e-05,11181642,18.486767768859863,18.486767768859863,1.0,13.869004927898782,0.783391410257088,0.751959127228027,0.7165406963527007,0.9577217759130534,0.5873271226882935,0.8212408423423767,0.8036762475967407,0.9779789447784424,0.7880671620368958,0.7486939430236816,0.714495062828064,0.957692563533783
18,4,identity,0.0,0.0,0.0,0.0,0.0,1.2745113053824753e-05,11181642,18.478283882141113,18.478283882141113,1.0,13.862640209729483,0.783391410257088,0.751959127228027,0.7165406963527007,0.9577217759130534,0.5854476690292358,0.81741863489151,0.7963194847106934,0.9779620170593262,0.7853197455406189,0.7472341656684875,0.7118658423423767,0.957610011100769
19,0,identity,0.0,0.0,0.0,0.0,0.0,1.2592465282068588e-05,11181642,18.466503143310547,18.466503143310547,1.0,13.853802151776993,0.7660086657748899,0.7556468961278426,0.7221593708832335,0.9595833608555839,0.6322153210639954,0.8021430373191833,0.7823693156242371,0.9738960266113281,0.8207185864448547,0.736247718334198,0.7047114968299866,0.9548205137252808
19,1,identity,0.0,0.0,0.0,0.0,0.0,1.2601724847627338e-05,11181642,18.46841049194336,18.46841049194336,1.0,13.855233068631602,0.7660086657748899,0.7556468961278426,0.7221593708832335,0.9595833608555839,0.5527358651161194,0.8260305523872375,0.8084313273429871,0.9804867506027222,0.7704761028289795,0.7537645697593689,0.720069944858551,0.9593175053596497
19,2,identity,0.0,0.0,0.0,0.0,0.0,1.2473515198507812e-05,11181642,18.460296630859375,18.460296630859375,1.0,13.849145948332097,0.7660086657748899,0.7556468961278426,0.7221593708832335,0.9595833608555839,0.5689427256584167,0.8205583095550537,0.8001264333724976,0.979386031627655,0.7670163512229919,0.7552627325057983,0.7218775153160095,0.9596738815307617
19,3,identity,0.0,0.0,0.0,0.0,0.0,1.2703540960501414e-05,11181642,18.476015090942383,18.476015090942383,1.0,13.860938134130926,0.7660086657748899,0.7556468961278426,0.7221593708832335,0.9595833608555839,0.5727920532226562,0.8243123292922974,0.8079211711883545,0.9789314270019531,0.7813620567321777,0.7502688765525818,0.7169620990753174,0.9584023952484131
19,4,identity,0.0,0.0,0.0,0.0,0.0,1.2577133929880802e-05,11181642,18.46757984161377,18.46757984161377,1.0,13.85460990434142,0.7660086657748899,0.7556468961278426,0.7221593708832335,0.9595833608555839,0.5618405342102051,0.825745701789856,0.8056805729866028,0.979406476020813,0.7683429718017578,0.7527658343315125,0.7184626460075378,0.9594634175300598
20,0,identity,0.0,0.0,0.0,0.0,0.0,1.2416412573656999e-05,11181642,18.45695972442627,18.45695972442627,1.0,13.846642559294958,0.7523467026298297,0.7617931776275353,0.7298750969324012,0.9609623597152408,0.5481092929840088,0.834561824798584,0.8158547282218933,0.9805034399032593,0.7580130100250244,0.7582975029945374,0.7268690466880798,0.9607930779457092
20,1,identity,0.0,0.0,0.0,0.0,0.0,1.2432436960807536e-05,11181642,18.45893383026123,18.45893383026123,1.0,13.848123558239479,0.7523467026298297,0.7617931776275353,0.7298750969324012,0.9609623597152408,0.5331375598907471,0.8337428569793701,0.8176778554916382,0.9817978143692017,0.7585773468017578,0.7556084990501404,0.7233017086982727,0.9606860876083374
20,2,identity,0.0,0.0,0.0,0.0,0.0,1.2332619917287957e-05,11181642,18.452380180358887,18.452380180358887,1.0,13.843206927927044,0.7523467026298297,0.7617931776275353,0.7298750969324012,0.9609623597152408,0.5393009185791016,0.8335267305374146,0.8153260350227356,0.9815358519554138,0.7625659108161926,0.7567225098609924,0.7231774926185608,0.9603741765022278
20,3,identity,0.0,0.0,0.0,0.0,0.0,1.2515499292931054e-05,11181642,18.465484619140625,18.465484619140625,1.0,13.853038042176632,0.7523467026298297,0.7617931776275353,0.7298750969324012,0.9609623597152408,0.5404452681541443,0.8388506174087524,0.8241384625434875,0.9813032746315002,0.7672654986381531,0.7565304040908813,0.7238537669181824,0.9597848057746887
20,4,identity,0.0,0.0,0.0,0.0,0.0,1.2412420801410917e-05,11181642,18.458740234375,18.458740234375,1.0,13.847978320178736,0.7523467026298297,0.7617931776275353,0.7298750969324012,0.9609623597152408,0.5409767031669617,0.8333219289779663,0.8139103055000305,0.9809890389442444,0.7589167952537537,0.7580285668373108,0.7243412733078003,0.960300862789154
21,0,identity,0.0,0.0,0.0,0.0,0.0,1.2243700439285021e-05,11181642,18.446215629577637,18.446215629577637,1.0,13.838582204652948,0.7416567238346521,0.7648663183773817,0.7335858776685077,0.9620417645669213,0.5598816871643066,0.8256210684776306,0.808370053768158,0.9795241355895996,0.7672590017318726,0.7545328736305237,0.7238159775733948,0.9601490497589111
21,1,identity,0.0,0.0,0.0,0.0,0.0,1.2322438124101609e-05,11181642,18.45319938659668,18.45319938659668,1.0,13.843821506716099,0.7416567238346521,0.7648663183773817,0.7335858776685077,0.9620417645669213,0.5207707285881042,0.8390663266181946,0.8234699368476868,0.9825302958488464,0.749596893787384,0.7638291120529175,0.7317367196083069,0.9614585041999817
21,2,identity,0.0,0.0,0.0,0.0,0.0,1.213087762153009e-05,11181642,18.44063949584961,18.44063949584961,1.0,13.8343989192285,0.7416567238346521,0.7648663183773817,0.7335858776685077,0.9620417645669213,0.5439507961273193,0.8316838145256042,0.8142865896224976,0.9809405207633972,0.7601215243339539,0.7601029276847839,0.7287682294845581,0.9608149528503418
21,3,identity,0.0,0.0,0.0,0.0,0.0,1.2333254744589794e-05,11181642,18.454873085021973,18.454873085021973,1.0,13.845077136256016,0.7416567238346521,0.7648663183773817,0.7335858776685077,0.9620417645669213,0.533124566078186,0.8371441960334778,0.8218715786933899,0.9816449284553528,0.7497358918190002,0.7600645422935486,0.728530764579773,0.9616255760192871
21,4,identity,0.0,0.0,0.0,0.0,0.0,1.2203823644085787e-05,11181642,18.44609546661377,18.44609546661377,1.0,13.838492056891107,0.7416567238346521,0.7648663183773817,0.7335858776685077,0.9620417645669213,0.5163933038711548,0.8436284065246582,0.8253281712532043,0.9825824499130249,0.7439135909080505,0.7633681893348694,0.731505811214447,0.9620253443717957
22,0,identity,0.0,0.0,0.0,0.0,0.0,1.2109621820854954e-05,11181642,18.437954902648926,18.437954902648926,1.0,13.832384903755639,0.7270046360355693,0.7705132145052244,0.7397168666468692,0.9634492052642238,0.5079772472381592,0.8451405763626099,0.8287017345428467,0.9832454919815063,0.7381609082221985,0.764866292476654,0.7342548966407776,0.9628422856330872
22,1,identity,0.0,0.0,0.0,0.0,0.0,1.2149922440585215e-05,11181642,18.44210720062256,18.44210720062256,1.0,13.83550000974812,0.7270046360355693,0.7705132145052244,0.7397168666468692,0.9634492052642238,0.5055555701255798,0.8425471186637878,0.8275634050369263,0.9834858179092407,0.7374425530433655,0.7659803032875061,0.7348209023475647,0.9627999663352966
22,2,identity,0.0,0.0,0.0,0.0,0.0,1.1986191566393245e-05,11181642,18.432454109191895,18.432454109191895,1.0,13.828258139546946,0.7270046360355693,0.7705132145052244,0.7397168666468692,0.9634492052642238,0.5058878064155579,0.8460173606872559,0.8303077220916748,0.9836465716362,0.7395575642585754,0.7671327590942383,0.7364069223403931,0.962760329246521
22,3,identity,0.0,0.0,0.0,0.0,0.0,1.2181034435343463e-05,11181642,18.446908950805664,18.446908950805664,1.0,13.839102342929598,0.7270046360355693,0.7705132145052244,0.7397168666468692,0.9634492052642238,0.5017244815826416,0.8495665788650513,0.8349822759628296,0.9837987422943115,0.7387242913246155,0.7671327590942383,0.7354760766029358,0.9626709222793579
22,4,identity,0.0,0.0,0.0,0.0,0.0,1.2067626812495291e-05,11181642,18.437703132629395,18.437703132629395,1.0,13.83219602273083,0.7270046360355693,0.7705132145052244,0.7397168666468692,0.9634492052642238,0.5108597278594971,0.8447887301445007,0.8271390199661255,0.9829542636871338,0.7319936156272888,0.7670943737030029,0.735803484916687,0.9634175896644592
23,0,identity,0.0,0.0,0.0,0.0,0.0,1.194486230815528e-05,11181642,18.42816925048828,18.42816925048828,1.0,13.825043584833068,0.7163993590216586,0.7745467117393977,0.7442516426227775,0.9645161113202164,0.4844774603843689,0.8526480793952942,0.8372300267219543,0.9849404692649841,0.7176239490509033,0.7715504169464111,0.7417684197425842,0.9647822380065918
23,1,identity,0.0,0.0,0.0,0.0,0.0,1.1990693565167021e-05,11181642,18.43217182159424,18.43217182159424,1.0,13.828046363852465,0.7163993590216586,0.7745467117393977,0.7442516426227775,0.9645161113202164,0.4879206717014313,0.848007082939148,0.8334911465644836,0.9845819473266602,0.7266355156898499,0.7682852149009705,0.7382299900054932,0.9637836813926697
23,2,identity,0.0,0.0,0.0,0.0,0.0,1.1869021363963839e-05,11181642,18.425169944763184,18.425169944763184,1.0,13.822793468079196,0.7163993590216586,0.7745467117393977,0.7442516426227775,0.9645161113202164,0.4934864044189453,0.8475189208984375,0.8302152752876282,0.9845127463340759,0.7285053730010986,0.7688614130020142,0.7379975318908691,0.9638261795043945
23,3,identity,0.0,0.0,0.0,0.0,0.0,1.2048292774125002e-05,11181642,18.436612129211426,18.436612129211426,1.0,13.831377538289994,0.7163993590216586,0.7745467117393977,0.7442516426227775,0.9645161113202164,0.48786863684654236,0.8540031313896179,0.8404801487922668,0.9846197366714478,0.7300524711608887,0.7681699395179749,0.738252580165863,0.9638078212738037
23,4,identity,0.0,0.0,0.0,0.0,0.0,1.19261485451716e-05,11181642,18.426494598388672,18.426494598388672,1.0,13.823787239834722,0.7163993590216586,0.7745467117393977,0.7442516426227775,0.9645161113202164,0.494215726852417,0.8505904078483582,0.8343276381492615,0.9841330051422119,0.7293755412101746,0.7687461376190186,0.7384653687477112,0.9634852409362793
24,0,identity,0.0,0.0,0.0,0.0,0.0,1.186216377391247e-05,11181642,18.42388153076172,18.42388153076172,1.0,13.821826883743908,0.7075198042334115,0.777658266748617,0.7481392641240077,0.9654457344339111,0.5050707459449768,0.8429566025733948,0.8278127908706665,0.9834422469139099,0.7319052219390869,0.7690150737762451,0.7395181059837341,0.9638077616691589
24,1,identity,0.0,0.0,0.0,0.0,0.0,1.1887106666108593e-05,11181642,18.42537784576416,18.42537784576416,1.0,13.822949438016348,0.7075198042334115,0.777658266748617,0.7481392641240077,0.9654457344339111,0.4656955301761627,0.8571525812149048,0.8436371088027954,0.9860109090805054,0.7164939641952515,0.7733558416366577,0.7438393235206604,0.9648710489273071
24,2,identity,0.0,0.0,0.0,0.0,0.0,1.1709906175383367e-05,11181642,18.417140007019043,18.417140007019043,1.0,13.816769308121295,0.7075198042334115,0.777658266748617,0.7481392641240077,0.9654457344339111,0.4729771018028259,0.8562555313110352,0.841240406036377,0.985968828201294,0.7192809581756592,0.7733942866325378,0.7439950704574585,0.9647032022476196
24,3,identity,0.0,0.0,0.0,0.0,0.0,1.1992646250291727e-05,11181642,18.43400478363037,18.43400478363037,1.0,13.829421474949743,0.7075198042334115,0.777658266748617,0.7481392641240077,0.9654457344339111,0.5291911959648132,0.8361886739730835,0.8241173624992371,0.9818506836891174,0.7566990256309509,0.75791335105896,0.7283337712287903,0.9616280198097229
24,4,identity,0.0,0.0,0.0,0.0,0.0,1.1822706255770754e-05,11181642,18.421865463256836,18.421865463256836,1.0,13.820314404628586,0.7075198042334115,0.777658266748617,0.7481392641240077,0.9654457344339111,0.49507731199264526,0.8464268445968628,0.8301320672035217,0.9838830232620239,0.7319782972335815,0.7685156464576721,0.7386969327926636,0.963524580001831
25,0,identity,0.0,0.0,0.0,0.0,0.0,1.1752262253139634e-05,11181642,18.41392707824707,18.41392707824707,1.0,13.814358928679706,0.7006653771766066,0.7791948371235402,0.7503738353907996,0.966129623722745,0.4750772714614868,0.8547638654708862,0.8410278558731079,0.9853963255882263,0.7127042412757874,0.7737016081809998,0.7444794178009033,0.9655116200447083
25,1,identity,0.0,0.0,0.0,0.0,0.0,1.1799119420174975e-05,11181642,18.41966438293457,18.41966438293457,1.0,13.818663126578368,0.7006653771766066,0.7791948371235402,0.7503738353907996,0.966129623722745,0.5416824817657471,0.825484573841095,0.8118339776992798,0.9809566736221313,0.7754359245300293,0.752535343170166,0.7252528667449951,0.96035236120224
25,2,identity,0.0,0.0,0.0,0.0,0.0,1.1627359526755754e-05,11181642,18.410215377807617,18.410215377807617,1.0,13.811574364480638,0.7006653771766066,0.7791948371235402,0.7503738353907996,0.966129623722745,0.46868640184402466,0.8546174168586731,0.8390627503395081,0.9860932230949402,0.7124714255332947,0.774200975894928,0.7451810836791992,0.96552973985672
25,3,identity,0.0,0.0,0.0,0.0,0.0,1.1862114661198575e-05,11181642,18.423924446105957,18.423924446105957,1.0,13.821859079373137,0.7006653771766066,0.7791948371235402,0.7503738353907996,0.966129623722745,0.47990450263023376,0.850931704044342,0.8377770185470581,0.9852036237716675,0.7276713848114014,0.7709741592407227,0.7415845990180969,0.9640681743621826
25,4,identity,0.0,0.0,0.0,0.0,0.0,1.1728804565791506e-05,11181642,18.415656089782715,18.415656089782715,1.0,13.815656054808409,0.7006653771766066,0.7791948371235402,0.7503738353907996,0.966129623722745,0.48982489109039307,0.847314178943634,0.8316168189048767,0.9842167496681213,0.7308626770973206,0.7682467699050903,0.7392206192016602,0.9640636444091797
26,0,identity,0.0,0.0,0.0,0.0,0.0,1.1640245247690473e-05,11181642,18.406908988952637,18.406908988952637,1.0,13.809093870113173,0.6950289635165161,0.7819222495390289,0.7537700921334446,0.9666428485947444,0.45526430010795593,0.8626126050949097,0.8489378094673157,0.9865015745162964,0.7004672884941101,0.7786954641342163,0.7503897547721863,0.9667142033576965
26,1,identity,0.0,0.0,0.0,0.0,0.0,1.1576646102184895e-05,11181642,18.406654357910156,18.406654357910156,1.0,13.808902842713083,0.6950289635165161,0.7819222495390289,0.7537700921334446,0.9666428485947444,0.4349291920661926,0.867594838142395,0.8553109765052795,0.9878250360488892,0.7007160782814026,0.7783496975898743,0.7497156858444214,0.9664164781570435
26,2,identity,0.0,0.0,0.0,0.0,0.0,1.1541038475115784e-05,11181642,18.403175354003906,18.403175354003906,1.0,13.806292850370276,0.6950289635165161,0.7819222495390289,0.7537700921334446,0.9666428485947444,0.46572601795196533,0.8546856641769409,0.8403746485710144,0.9862016439437866,0.7163371443748474,0.7735095024108887,0.7444800734519958,0.9652500748634338
26,3,identity,0.0,0.0,0.0,0.0,0.0,1.1684666787914466e-05,11181642,18.415654182434082,18.415654182434082,1.0,13.815654623891554,0.6950289635165161,0.7819222495390289,0.7537700921334446,0.9666428485947444,0.46004718542099,0.8613746762275696,0.849312961101532,0.98624187707901,0.7200735211372375,0.7708589434623718,0.7422841191291809,0.9651175737380981
26,4,identity,0.0,0.0,0.0,0.0,0.0,1.1581779290281702e-05,11181642,18.407387733459473,18.407387733459473,1.0,13.809453030243679,0.6950289635165161,0.7819222495390289,0.7537700921334446,0.9666428485947444,0.4481317698955536,0.8655381798744202,0.8506230711936951,0.9868265986442566,0.7014622092247009,0.7782728672027588,0.7493768930435181,0.9664307832717896
27,0,identity,0.0,0.0,0.0,0.0,0.0,1.143852114182664e-05,11181642,18.396397590637207,18.396397590637207,1.0,13.801208087327424,0.6848618351449685,0.7838045482483098,0.7561617140423884,0.9676755979387812,0.43607470393180847,0.8703930974006653,0.8573816418647766,0.9875840544700623,0.6921325325965881,0.7823448181152344,0.754063606262207,0.9674317836761475
27,1,identity,0.0,0.0,0.0,0.0,0.0,1.1568577974685468e-05,11181642,18.406230926513672,18.406230926513672,1.0,13.80858517917136,0.6848618351449685,0.7838045482483098,0.7561617140423884,0.9676755979387812,0.4398013949394226,0.8651378750801086,0.8532751798629761,0.9875083565711975,0.7022191882133484,0.7801551818847656,0.7526627779006958,0.9664533138275146
27,2,identity,0.0,0.0,0.0,0.0,0.0,1.1428627658460755e-05,11181642,18.397226333618164,18.397226333618164,1.0,13.801829820700751,0.6848618351449685,0.7838045482483098,0.7561617140423884,0.9676755979387812,0.4378293752670288,0.8651286363601685,0.8511589765548706,0.9878807067871094,0.6964950561523438,0.7790411710739136,0.7497084140777588,0.9671418070793152
27,3,identity,0.0,0.0,0.0,0.0,0.0,1.162256648967741e-05,11181642,18.4106388092041,18.4106388092041,1.0,13.81189202802236,0.6848618351449685,0.7838045482483098,0.7561617140423884,0.9676755979387812,0.4523868262767792,0.8633540272712708,0.8515936732292175,0.986707866191864,0.7048051953315735,0.7770051956176758,0.7474881410598755,0.9664269685745239
27,4,identity,0.0,0.0,0.0,0.0,0.0,1.1452899343566969e-05,11181642,18.398216247558594,18.398216247558594,1.0,13.802572466548295,0.6848618351449685,0.7838045482483098,0.7561617140423884,0.9676755979387812,0.4314798414707184,0.8720906376838684,0.8580135107040405,0.9878997802734375,0.6938459277153015,0.7811155319213867,0.7526808381080627,0.9672210812568665
28,0,identity,0.0,0.0,0.0,0.0,0.0,1.148103183368221e-05,11181642,18.396352767944336,18.396352767944336,1.0,13.801174460781342,0.6774084464897022,0.7886063306699447,0.7614637162996669,0.9683777512256084,0.4379749894142151,0.8698471188545227,0.8570423722267151,0.9874799251556396,0.6921178102493286,0.7809618711471558,0.7530834674835205,0.9673498868942261
28,1,identity,0.0,0.0,0.0,0.0,0.0,1.1527995411597658e-05,11181642,18.403703689575195,18.403703689575195,1.0,13.806689214339004,0.6774084464897022,0.7886063306699447,0.7614637162996669,0.9683777512256084,0.4220697581768036,0.8712121248245239,0.8593385815620422,0.9885267615318298,0.6939871311187744,0.7812308073043823,0.7535703778266907,0.9673324823379517
28,2,identity,0.0,0.0,0.0,0.0,0.0,1.1314834409859031e-05,11181642,18.3897123336792,18.3897123336792,1.0,13.796192723752021,0.6774084464897022,0.7886063306699447,0.7614637162996669,0.9683777512256084,0.4198544919490814,0.8727049231529236,0.860366702079773,0.9889187216758728,0.694385826587677,0.7803088426589966,0.7520594596862793,0.9673818349838257
28,3,identity,0.0,0.0,0.0,0.0,0.0,1.1580363207031041e-05,11181642,18.407339096069336,18.407339096069336,1.0,13.809416541863888,0.6774084464897022,0.7886063306699447,0.7614637162996669,0.9683777512256084,0.42538538575172424,0.8744112849235535,0.8631421327590942,0.9883860945701599,0.7002936601638794,0.7787722945213318,0.7506497502326965,0.9667080044746399
28,4,identity,0.0,0.0,0.0,0.0,0.0,1.1464984709164128e-05,11181642,18.397306442260742,18.397306442260742,1.0,13.801889919208646,0.6774084464897022,0.7886063306699447,0.7614637162996669,0.9683777512256084,0.4474564492702484,0.8631492853164673,0.8478801846504211,0.9867426753044128,0.703226625919342,0.7772356867790222,0.7492178082466125,0.9665682911872864
29,0,identity,0.0,0.0,0.0,0.0,0.0,1.1355497008480597e-05,11181642,18.388407707214355,18.388407707214355,1.0,13.795213976623469,0.674807999175461,0.7887215734480639,0.7619107412629658,0.9686553193394358,0.4350442886352539,0.8682091236114502,0.8564005494117737,0.987793505191803,0.6955887079238892,0.7791564464569092,0.7523865699768066,0.9675939679145813
29,1,identity,0.0,0.0,0.0,0.0,0.0,1.1465764146123547e-05,11181642,18.399791717529297,18.399791717529297,1.0,13.803754403870201,0.674807999175461,0.7887215734480639,0.7619107412629658,0.9686553193394358,0.43092939257621765,0.8634316325187683,0.851223886013031,0.9879199266433716,0.7027850151062012,0.776889979839325,0.7492806911468506,0.9667689800262451
29,2,identity,0.0,0.0,0.0,0.0,0.0,1.1287174856988713e-05,11181642,18.387950897216797,18.387950897216797,1.0,13.79487127203679,0.674807999175461,0.7887215734480639,0.7619107412629658,0.9686553193394358,0.4105619788169861,0.8757764101028442,0.8636415600776672,0.9894163012504578,0.6919881701469421,0.7823448181152344,0.7547799348831177,0.9677734375
29,3,identity,0.0,0.0,0.0,0.0,0.0,1.1473854101495817e-05,11181642,18.402446746826172,18.402446746826172,1.0,13.805746240131816,0.674807999175461,0.7887215734480639,0.7619107412629658,0.9686553193394358,0.4113422632217407,0.8790526390075684,0.8690100908279419,0.9890499711036682,0.6885143518447876,0.7834588289260864,0.7558602094650269,0.9679104089736938
29,4,identity,0.0,0.0,0.0,0.0,0.0,1.142426481237635e-05,11181642,18.39600372314453,18.39600372314453,1.0,13.800912602996949,0.674807999175461,0.7887215734480639,0.7619107412629658,0.9686553193394358,0.4157624840736389,0.8765954375267029,0.8625977635383606,0.9886502027511597,0.6872138381004333,0.7842271327972412,0.756653368473053,0.9681457877159119
30,0,identity,0.0,0.0,0.0,0.0,0.0,1.131733733927831e-05,11181642,18.386781692504883,18.386781692504883,1.0,13.793994120004916,0.6683566050527282,0.7897587584511371,0.763135123575226,0.9693443367339005,0.4332675635814667,0.868686854839325,0.857359766960144,0.9878238439559937,0.6940720677375793,0.7816149592399597,0.7560317516326904,0.9679047465324402
30,1,identity,0.0,0.0,0.0,0.0,0.0,1.1414386790420394e-05,11181642,18.3951997756958,18.3951997756958,1.0,13.80030947154273,0.6683566050527282,0.7897587584511371,0.763135123575226,0.9693443367339005,0.39284104108810425,0.8798116445541382,0.8690863847732544,0.9900835752487183,0.6804741621017456,0.7853411436080933,0.7580775022506714,0.9685801863670349
30,2,identity,0.0,0.0,0.0,0.0,0.0,1.1215547601750586e-05,11181642,18.38528347015381,18.38528347015381,1.0,13.79287013481562,0.6683566050527282,0.7897587584511371,0.763135123575226,0.9693443367339005,0.40405359864234924,0.8772780299186707,0.8656520843505859,0.9897947907447815,0.688116729259491,0.7807698249816895,0.7537454962730408,0.9681722521781921
30,3,identity,0.0,0.0,0.0,0.0,0.0,1.1430854101490695e-05,11181642,18.396724700927734,18.396724700927734,1.0,13.80145348956799,0.6683566050527282,0.7897587584511371,0.763135123575226,0.9693443367339005,0.41117921471595764,0.8781653046607971,0.8675351142883301,0.9890824556350708,0.6891144514083862,0.7834588289260864,0.7571293711662292,0.9680690765380859
30,4,identity,0.0,0.0,0.0,0.0,0.0,1.12898869701894e-05,11181642,18.386646270751953,18.386646270751953,1.0,13.793892524908237,0.6683566050527282,0.7897587584511371,0.763135123575226,0.9693443367339005,0.4037022590637207,0.8793938755989075,0.8657933473587036,0.9893403053283691,0.6888505816459656,0.7829978466033936,0.7554256916046143,0.9678347110748291
31,0,identity,0.0,0.0,0.0,0.0,0.0,1.1250449460931122e-05,11181642,18.384265899658203,18.384265899658203,1.0,13.792106740673686,0.6634508213640798,0.7905270436385986,0.7644684591953927,0.9698079834340534,0.3921625018119812,0.8878651261329651,0.8767758011817932,0.9899561405181885,0.6738714575767517,0.7873386740684509,0.760992705821991,0.9693382978439331
31,1,identity,0.0,0.0,0.0,0.0,0.0,1.1401972187741194e-05,11181642,18.3938570022583,18.3938570022583,1.0,13.799302106077086,0.6634508213640798,0.7905270436385986,0.7644684591953927,0.9698079834340534,0.3887832760810852,0.8826781511306763,0.8719850778579712,0.9902747273445129,0.6791492104530334,0.7873002290725708,0.7612303495407104,0.9687106609344482
31,2,identity,0.0,0.0,0.0,0.0,0.0,1.11602539618616e-05,11181642,18.380675315856934,18.380675315856934,1.0,13.789413039694885,0.6634508213640798,0.7905270436385986,0.7644684591953927,0.9698079834340534,0.38540664315223694,0.886151134967804,0.8752057552337646,0.9907635450363159,0.6763582825660706,0.7868776917457581,0.7599822878837585,0.969088077545166
31,3,identity,0.0,0.0,0.0,0.0,0.0,1.1363038538547698e-05,11181642,18.395764350891113,18.395764350891113,1.0,13.800733022931695,0.6634508213640798,0.7905270436385986,0.7644684591953927,0.9698079834340534,0.39354872703552246,0.8830114006996155,0.873568594455719,0.9900199174880981,0.6838701963424683,0.787031352519989,0.7594151496887207,0.9686272144317627
31,4,identity,0.0,0.0,0.0,0.0,0.0,1.1252195690758526e-05,11181642,18.385679244995117,18.385679244995117,1.0,13.793167050062952,0.6634508213640798,0.7905270436385986,0.7644684591953927,0.9698079834340534,0.3830506503582001,0.887789249420166,0.8760960698127747,0.990443229675293,0.6796183586120605,0.7854563593864441,0.7582515478134155,0.9689859747886658
32,0,identity,0.0,0.0,0.0,0.0,0.0,1.1158393135701772e-05,11181642,18.377713203430176,18.377713203430176,1.0,13.787190825819678,0.6594934212186986,0.7930239704978488,0.7669755426995782,0.9701907630788782,0.37575262784957886,0.8925061225891113,0.8820793032646179,0.9908807277679443,0.662727415561676,0.7918331027030945,0.7651911377906799,0.970341145992279
32,1,identity,0.0,0.0,0.0,0.0,0.0,1.1264019121881574e-05,11181642,18.383822441101074,18.383822441101074,1.0,13.791774052504989,0.6594934212186986,0.7930239704978488,0.7669755426995782,0.9701907630788782,0.4030115306377411,0.8748293519020081,0.8636365532875061,0.9894251227378845,0.6850740313529968,0.7838045358657837,0.7574508786201477,0.9683907628059387
32,2,identity,0.0,0.0,0.0,0.0,0.0,1.1118721886305138e-05,11181642,18.377792358398438,18.377792358398438,1.0,13.787250208869144,0.6594934212186986,0.7930239704978488,0.7669755426995782,0.9701907630788782,0.3816863000392914,0.886833667755127,0.875563383102417,0.9908803701400757,0.671643853187561,0.7896435260772705,0.7643972635269165,0.969646692276001
32,3,identity,0.0,0.0,0.0,0.0,0.0,1.1300327059871051e-05,11181642,18.391730308532715,18.391730308532715,1.0,13.797706633784196,0.6594934212186986,0.7930239704978488,0.7669755426995782,0.9701907630788782,0.375821590423584,0.8928400874137878,0.8841913938522339,0.9908813238143921,0.6777112483978271,0.7874538898468018,0.7610407471656799,0.9690546989440918
32,4,identity,0.0,0.0,0.0,0.0,0.0,1.1188666576344986e-05,11181642,18.382354736328125,18.382354736328125,1.0,13.790672961985369,0.6594934212186986,0.7930239704978488,0.7669755426995782,0.9701907630788782,0.36977705359458923,0.8937956690788269,0.8824288845062256,0.9912130236625671,0.6771215200424194,0.7869545221328735,0.7603628039360046,0.9691250324249268
33,0,identity,0.0,0.0,0.0,0.0,0.0,1.1077063390985131e-05,11181642,18.374165534973145,18.374165534973145,1.0,13.784529320470106,0.6541247495439203,0.7943684695759066,0.7685670553091523,0.9707085591391922,0.36962518095970154,0.894758403301239,0.884649932384491,0.991150438785553,0.6663181185722351,0.7912569046020508,0.7655056715011597,0.9700652956962585
33,1,identity,0.0,0.0,0.0,0.0,0.0,1.126682309404714e-05,11181642,18.384035110473633,18.384035110473633,1.0,13.791933599734278,0.6541247495439203,0.7943684695759066,0.7685670553091523,0.9707085591391922,0.3608618378639221,0.8927791714668274,0.8826769590377808,0.991652250289917,0.6709529757499695,0.7894514203071594,0.7638245224952698,0.9696217179298401
33,2,identity,0.0,0.0,0.0,0.0,0.0,1.1051703040720895e-05,11181642,18.372971534729004,18.372971534729004,1.0,13.783633566519121,0.6541247495439203,0.7943684695759066,0.7685670553091523,0.9707085591391922,0.3706571161746979,0.8899051547050476,0.8793197870254517,0.9914256930351257,0.6749144196510315,0.7871465682983398,0.7608806490898132,0.9695129990577698
33,3,identity,0.0,0.0,0.0,0.0,0.0,1.1236093996558338e-05,11181642,18.38554859161377,18.38554859161377,1.0,13.79306903225841,0.6541247495439203,0.7943684695759066,0.7685670553091523,0.9707085591391922,0.3828355371952057,0.8866971731185913,0.8773357272148132,0.9905388355255127,0.6782126426696777,0.7871465682983398,0.7605730891227722,0.9692918062210083
33,4,identity,0.0,0.0,0.0,0.0,0.0,1.1117283975181635e-05,11181642,18.37668800354004,18.37668800354004,1.0,13.786421708010327,0.6541247495439203,0.7943684695759066,0.7685670553091523,0.9707085591391922,0.3616018295288086,0.8980274200439453,0.8863245844841003,0.9916168451309204,0.6701316833496094,0.7908727526664734,0.7647590637207031,0.9696250557899475
34,0,identity,0.0,0.0,0.0,0.0,0.0,1.1036679097742308e-05,11181642,18.37073040008545,18.37073040008545,1.0,13.781952239214956,0.6534383524925927,0.7950983405039951,0.7691731082187565,0.9708191746242685,0.3620062470436096,0.8969423770904541,0.887139618396759,0.9914939403533936,0.6620036363601685,0.7936002016067505,0.767555296421051,0.9705460071563721
34,1,identity,0.0,0.0,0.0,0.0,0.0,1.1165736395923886e-05,11181642,18.379274368286133,18.379274368286133,1.0,13.788362031265175,0.6534383524925927,0.7950983405039951,0.7691731082187565,0.9708191746242685,0.368351548910141,0.8869096636772156,0.8770679831504822,0.9913246631622314,0.6794686913490295,0.7866856455802917,0.7603189945220947,0.9690490961074829
34,2,identity,0.0,0.0,0.0,0.0,0.0,1.1015305972250644e-05,11181642,18.371838569641113,18.371838569641113,1.0,13.782783601907484,0.6534383524925927,0.7950983405039951,0.7691731082187565,0.9708191746242685,0.3639459013938904,0.8959115147590637,0.8860874772071838,0.991909921169281,0.6737114787101746,0.7891441583633423,0.7630694508552551,0.9695016741752625
34,3,identity,0.0,0.0,0.0,0.0,0.0,1.1195655133633409e-05,11181642,18.38216495513916,18.38216495513916,1.0,13.790530585758335,0.6534383524925927,0.7950983405039951,0.7691731082187565,0.9708191746242685,0.37272563576698303,0.8926352858543396,0.883590817451477,0.9910853505134583,0.6788938641548157,0.7865319848060608,0.761009156703949,0.9693006277084351
34,4,identity,0.0,0.0,0.0,0.0,0.0,1.1004701264027972e-05,11181642,18.368197441101074,18.368197441101074,1.0,13.780051981632036,0.6534383524925927,0.7950983405039951,0.7691731082187565,0.9708191746242685,0.360850065946579,0.8942734003067017,0.8827032446861267,0.9916457533836365,0.6658611297607422,0.7907190918922424,0.7647350430488586,0.9700400233268738
35,0,identity,0.0,0.0,0.0,0.0,0.0,1.0996896889992058e-05,11181642,18.3659029006958,18.3659029006958,1.0,13.778330588655942,0.6502513703515211,0.7960971112476951,0.7710098150917128,0.9711316110809468,0.35383591055870056,0.9006961584091187,0.8906863927841187,0.9919264316558838,0.6619976162910461,0.7937538623809814,0.7683425545692444,0.9706432223320007
35,1,identity,0.0,0.0,0.0,0.0,0.0,1.1100641131633893e-05,11181642,18.374497413635254,18.374497413635254,1.0,13.784778300002808,0.6502513703515211,0.7960971112476951,0.7710098150917128,0.9711316110809468,0.34190207719802856,0.8985121250152588,0.8893811106681824,0.9925271272659302,0.6686655879020691,0.7900660634040833,0.7645561099052429,0.9701436758041382
35,2,identity,0.0,0.0,0.0,0.0,0.0,1.0933963494608179e-05,11181642,18.366110801696777,18.366110801696777,1.0,13.778486558593094,0.6502513703515211,0.7960971112476951,0.7710098150917128,0.9711316110809468,0.33994707465171814,0.9037608504295349,0.8952040076255798,0.992988109588623,0.6634719967842102,0.7901045083999634,0.7647349238395691,0.9704508185386658
35,3,identity,0.0,0.0,0.0,0.0,0.0,1.1082563105446752e-05,11181642,18.37734317779541,18.37734317779541,1.0,13.786913227949885,0.6502513703515211,0.7960971112476951,0.7710098150917128,0.9711316110809468,0.34329652786254883,0.9053307175636292,0.8975791931152344,0.9924291372299194,0.666664183139801,0.7902197241783142,0.7641544938087463,0.9702263474464417
35,4,identity,0.0,0.0,0.0,0.0,0.0,1.0952360753435642e-05,11181642,18.365187644958496,18.365187644958496,1.0,13.777793994835463,0.6502513703515211,0.7960971112476951,0.7710098150917128,0.9711316110809468,0.354610413312912,0.8980274200439453,0.8871954679489136,0.9919648170471191,0.665899395942688,0.7921788692474365,0.7663735151290894,0.9702545404434204
36,0,identity,0.0,0.0,0.0,0.0,0.0,1.0965269211737905e-05,11181642,18.36421775817871,18.36421775817871,1.0,13.777066373614895,0.6458086518601691,0.7982483097725875,0.7732865652774037,0.971594617766742,0.35559654235839844,0.8976931571960449,0.8884042501449585,0.991879403591156,0.6711822152137756,0.7900276780128479,0.765403687953949,0.9701023697853088
36,1,identity,0.0,0.0,0.0,0.0,0.0,1.1074454960180447e-05,11181642,18.373042106628418,18.373042106628418,1.0,13.783686510442742,0.6458086518601691,0.7982483097725875,0.7732865652774037,0.971594617766742,0.33135297894477844,0.9006961584091187,0.8909510970115662,0.993051290512085,0.6612855195999146,0.794291615486145,0.7690764665603638,0.9706718921661377
36,2,identity,0.0,0.0,0.0,0.0,0.0,1.0919449778157286e-05,11181642,18.36408233642578,18.36408233642578,1.0,13.776964778518218,0.6458086518601691,0.7982483097725875,0.7732865652774037,0.971594617766742,0.3422706723213196,0.8997337818145752,0.8907883167266846,0.9928052425384521,0.6655803918838501,0.7911032438278198,0.7660993933677673,0.9705541729927063
36,3,identity,0.0,0.0,0.0,0.0,0.0,1.1083570825576317e-05,11181642,18.37648582458496,18.37648582458496,1.0,13.786270030823738,0.6458086518601691,0.7982483097725875,0.7732865652774037,0.971594617766742,0.3512028455734253,0.8972766399383545,0.8883729577064514,0.9919677376747131,0.6700065732002258,0.7896050810813904,0.7635168433189392,0.9703102111816406
36,4,identity,0.0,0.0,0.0,0.0,0.0,1.0917265171883628e-05,11181642,18.364543914794922,18.364543914794922,1.0,13.777311060397032,0.6458086518601691,0.7982483097725875,0.7732865652774037,0.971594617766742,0.3356054127216339,0.9053307175636292,0.8952665328979492,0.9927664399147034,0.6575559973716736,0.7948294281959534,0.7695833444595337,0.9708787202835083
37,0,identity,0.0,0.0,0.0,0.0,0.0,1.0972892596328165e-05,11181642,18.364689826965332,18.364689826965332,1.0,13.77742052553641,0.6429739756659635,0.7980562384757222,0.7734840712526553,0.9718878580592601,0.38971781730651855,0.8793338537216187,0.8688488006591797,0.9901477694511414,0.6950894594192505,0.7825368642807007,0.757911205291748,0.9683308601379395
37,1,identity,0.0,0.0,0.0,0.0,0.0,1.104578586819116e-05,11181642,18.370699882507324,18.370699882507324,1.0,13.781929344545283,0.6429739756659635,0.7980562384757222,0.7734840712526553,0.9718878580592601,0.3481297492980957,0.8953043818473816,0.8873687386512756,0.9921398758888245,0.668710470199585,0.790988028049469,0.7664077281951904,0.9702235460281372
37,2,identity,0.0,0.0,0.0,0.0,0.0,1.0899405424424913e-05,11181642,18.361659049987793,18.361659049987793,1.0,13.775146798654438,0.6429739756659635,0.7980562384757222,0.7734840712526553,0.9718878580592601,0.3529709279537201,0.8964575529098511,0.8883787393569946,0.9923577904701233,0.6717937588691711,0.7891057133674622,0.7633458971977234,0.9702056050300598
37,3,identity,0.0,0.0,0.0,0.0,0.0,1.108993365050992e-05,11181642,18.37518310546875,18.37518310546875,1.0,13.78529271461204,0.6429739756659635,0.7980562384757222,0.7734840712526553,0.9718878580592601,0.3374783396720886,0.9029417634010315,0.8945261240005493,0.99267578125,0.6655675768852234,0.7930623888969421,0.7672814726829529,0.9705154895782471
37,4,identity,0.0,0.0,0.0,0.0,0.0,1.0878595276153646e-05,11181642,18.363309860229492,18.363309860229492,1.0,13.776385257192102,0.6429739756659635,0.7980562384757222,0.7734840712526553,0.9718878580592601,0.3422846496105194,0.9011671543121338,0.8912045359611511,0.9925631284713745,0.6706960797309875,0.7900660634040833,0.7647958397865295,0.9698634147644043
38,0,identity,0.0,0.0,0.0,0.0,0.0,1.0871836821024772e-05,11181642,18.358774185180664,18.358774185180664,1.0,13.772982536911842,0.6442011150668279,0.7986708666256914,0.7742253156290816,0.9718748633977767,0.36364930868148804,0.89332515001297,0.8849430084228516,0.9913614392280579,0.6836669445037842,0.7878380417823792,0.7635774612426758,0.9695003032684326
38,1,identity,0.0,0.0,0.0,0.0,0.0,1.091906142391963e-05,11181642,18.36284637451172,18.36284637451172,1.0,13.77603754439643,0.6442011150668279,0.7986708666256914,0.7742253156290816,0.9718748633977767,0.3250916004180908,0.907111644744873,0.8989473581314087,0.9933769702911377,0.6631779074668884,0.793369710445404,0.7685381174087524,0.9706736207008362
38,2,identity,0.0,0.0,0.0,0.0,0.0,1.082961171050556e-05,11181642,18.356375694274902,18.356375694274902,1.0,13.77118315896717,0.6442011150668279,0.7986708666256914,0.7742253156290816,0.9718748633977767,0.31614458560943604,0.9119514226913452,0.9039738774299622,0.9939799904823303,0.6601990461349487,0.7927550673484802,0.7672017216682434,0.9710704684257507
38,3,identity,0.0,0.0,0.0,0.0,0.0,1.0972712516377214e-05,11181642,18.367789268493652,18.367789268493652,1.0,13.77974576542515,0.6442011150668279,0.7986708666256914,0.7742253156290816,0.9718748633977767,0.3215125799179077,0.9102450609207153,0.9029924273490906,0.9933485984802246,0.6605013012886047,0.7945605516433716,0.7687838673591614,0.9711158871650696
38,4,identity,0.0,0.0,0.0,0.0,0.0,1.0909019692917354e-05,11181642,18.362317085266113,18.362317085266113,1.0,13.775640464969277,0.6442011150668279,0.7986708666256914,0.7742253156290816,0.9718748633977767,0.3329472243785858,0.9040338397026062,0.8935156464576721,0.992973268032074,0.659294605255127,0.7971727252006531,0.7717257142066956,0.9708292484283447
39,0,identity,0.0,0.0,0.0,0.0,0.0,1.0787692190206144e-05,11181642,18.352399826049805,18.352399826049805,1.0,13.76820041278374,0.6389141587681322,0.8012830362630609,0.7772258722136063,0.9723193776141017,0.34057027101516724,0.9019246697425842,0.8939733505249023,0.9925035238265991,0.6627570986747742,0.7949062585830688,0.7701541185379028,0.9709243774414062
39,1,identity,0.0,0.0,0.0,0.0,0.0,1.0920776730927173e-05,11181642,18.36158561706543,18.36158561706543,1.0,13.775091708355536,0.6389141587681322,0.8012830362630609,0.7772258722136063,0.9723193776141017,0.31602609157562256,0.908954381942749,0.9004215598106384,0.9936408400535583,0.6569668650627136,0.7959050536155701,0.7717070579528809,0.9713444113731384
39,2,identity,0.0,0.0,0.0,0.0,0.0,1.0792027751449496e-05,11181642,18.35516357421875,18.35516357421875,1.0,13.770273811306067,0.6389141587681322,0.8012830362630609,0.7772258722136063,0.9723193776141017,0.30643683671951294,0.9149546027183533,0.9076559543609619,0.9943908452987671,0.6518078446388245,0.7970574498176575,0.7721065282821655,0.9717803597450256
39,3,identity,0.0,0.0,0.0,0.0,0.0,1.0933681551250629e-05,11181642,18.365099906921387,18.365099906921387,1.0,13.77772817266015,0.6389141587681322,0.8012830362630609,0.7772258722136063,0.9723193776141017,0.3298914432525635,0.9058084487915039,0.8977689743041992,0.9929811358451843,0.6656166315078735,0.7926782369613647,0.7677802443504333,0.9707046151161194
39,4,identity,0.0,0.0,0.0,0.0,0.0,1.0776318958960474e-05,11181642,18.35292911529541,18.35292911529541,1.0,13.768597492210894,0.6389141587681322,0.8012830362630609,0.7772258722136063,0.9723193776141017,0.3416261672973633,0.9008941650390625,0.8921776413917542,0.992466926574707,0.6800175905227661,0.7891057133674622,0.7646887898445129,0.9698449969291687
40,0,identity,0.0,0.0,0.0,0.0,0.0,1.0688677321013529e-05,11181642,18.345942497253418,18.345942497253418,1.0,13.763356043772463,0.6366719457457677,0.8017055931161647,0.7775438854666451,0.9725948905259287,0.3160644471645355,0.9135271906852722,0.9062632322311401,0.9936822056770325,0.6555866003036499,0.797480046749115,0.7736490964889526,0.9715325236320496
40,1,identity,0.0,0.0,0.0,0.0,0.0,1.0737597222032491e-05,11181642,18.35351848602295,18.35351848602295,1.0,13.769039645518967,0.6366719457457677,0.8017055931161647,0.7775438854666451,0.9725948905259287,0.29206547141075134,0.9174174070358276,0.9101868271827698,0.9946823716163635,0.6560290455818176,0.7987861037254333,0.7749706506729126,0.9715284109115601
40,2,identity,0.0,0.0,0.0,0.0,0.0,1.0731150723586325e-05,11181642,18.350866317749023,18.350866317749023,1.0,13.767049955632634,0.6366719457457677,0.8017055931161647,0.7775438854666451,0.9725948905259287,0.3033577501773834,0.9165927171707153,0.9090094566345215,0.9944902658462524,0.6550253629684448,0.7974032163619995,0.7734395265579224,0.9715999364852905
40,3,identity,0.0,0.0,0.0,0.0,0.0,1.0839868991752155e-05,11181642,18.359688758850098,18.359688758850098,1.0,13.773668661543626,0.6366719457457677,0.8017055931161647,0.7775438854666451,0.9725948905259287,0.30906200408935547,0.914681613445282,0.9076886773109436,0.9939092397689819,0.6561036705970764,0.7972111105918884,0.7724701166152954,0.9714123010635376
40,4,identity,0.0,0.0,0.0,0.0,0.0,1.0822767762874719e-05,11181642,18.356453895568848,18.356453895568848,1.0,13.77124182655821,0.6366719457457677,0.8017055931161647,0.7775438854666451,0.9725948905259287,0.31503626704216003,0.9131799936294556,0.9045746922492981,0.9937387704849243,0.6634395718574524,0.7938690781593323,0.7692553997039795,0.970995306968689
41,0,identity,0.0,0.0,0.0,0.0,0.0,1.0699394806579221e-05,11181642,18.347102165222168,18.347102165222168,1.0,13.764226041220065,0.6335219476548308,0.8023970497848801,0.7782862752402635,0.9728868673471677,0.3126088082790375,0.913322389125824,0.9048162698745728,0.993757426738739,0.6555558443069458,0.7975184321403503,0.7738420367240906,0.9717584848403931
41,1,identity,0.0,0.0,0.0,0.0,0.0,1.0785236554511357e-05,11181642,18.355278968811035,18.355278968811035,1.0,13.770360381775772,0.6335219476548308,0.8023970497848801,0.7782862752402635,0.9728868673471677,0.2870289385318756,0.9196696877479553,0.9120045900344849,0.9948587417602539,0.647651195526123,0.799515962600708,0.7752264142036438,0.9721736907958984
41,2,identity,0.0,0.0,0.0,0.0,0.0,1.0712548828450963e-05,11181642,18.352336883544922,18.352336883544922,1.0,13.768153192527537,0.6335219476548308,0.8023970497848801,0.7782862752402635,0.9728868673471677,0.29330095648765564,0.9195959568023682,0.9125838279724121,0.9948466420173645,0.6519468426704407,0.7975952625274658,0.7731202244758606,0.9719169735908508
41,3,identity,0.0,0.0,0.0,0.0,0.0,1.0805765668919776e-05,11181642,18.35859489440918,18.35859489440918,1.0,13.77284803072751,0.6335219476548308,0.8023970497848801,0.7782862752402635,0.9728868673471677,0.310061514377594,0.9131799936294556,0.9063795208930969,0.9938544034957886,0.6613020896911621,0.795712947845459,0.7708127498626709,0.9712327122688293
41,4,identity,0.0,0.0,0.0,0.0,0.0,1.062692444975255e-05,11181642,18.344346046447754,18.344346046447754,1.0,13.762158366365155,0.6335219476548308,0.8023970497848801,0.7782862752402635,0.9728868673471677,0.29116037487983704,0.9208245277404785,0.91250079870224,0.9946381449699402,0.6476854681968689,0.7999769449234009,0.7750271558761597,0.9722874760627747
42,0,identity,0.0,0.0,0.0,0.0,0.0,1.0659815416147467e-05,11181642,18.343215942382812,18.343215942382812,1.0,13.7613105481288,0.6325173089858865,0.8032421634910879,0.7794234537982851,0.9730828330307716,0.30407416820526123,0.9163253903388977,0.9086387157440186,0.993962824344635,0.6515295505523682,0.7975184321403503,0.7724797129631042,0.9719638228416443
42,1,identity,0.0,0.0,0.0,0.0,0.0,1.0770554581540637e-05,11181642,18.351414680480957,18.351414680480957,1.0,13.767461344228334,0.6325173089858865,0.8032421634910879,0.7794234537982851,0.9730828330307716,0.2775833010673523,0.9241741895675659,0.9179379343986511,0.9952096343040466,0.6488048434257507,0.79986172914505,0.7757405638694763,0.9722546339035034
42,2,identity,0.0,0.0,0.0,0.0,0.0,1.0590597412374336e-05,11181642,18.343164443969727,18.343164443969727,1.0,13.761271913373724,0.6325173089858865,0.8032421634910879,0.7794234537982851,0.9730828330307716,0.28631260991096497,0.9208927750587463,0.9143319725990295,0.9951916933059692,0.6531379222869873,0.7972111105918884,0.7727734446525574,0.9719979763031006
42,3,identity,0.0,0.0,0.0,0.0,0.0,1.0806941645569168e-05,11181642,18.35770606994629,18.35770606994629,1.0,13.772181223473261,0.6325173089858865,0.8032421634910879,0.7794234537982851,0.9730828330307716,0.2989415228366852,0.9197324514389038,0.9130594730377197,0.9943048357963562,0.661332368850708,0.795559287071228,0.7708765268325806,0.9710380434989929
42,4,identity,0.0,0.0,0.0,0.0,0.0,1.0630800716171507e-05,11181642,18.342793464660645,18.342793464660645,1.0,13.760993600045504,0.6325173089858865,0.8032421634910879,0.7794234537982851,0.9730828330307716,0.3062506914138794,0.9151594042778015,0.9070557951927185,0.994148850440979,0.6573439240455627,0.7991318106651306,0.7750411033630371,0.9713572859764099
43,0,identity,0.0,0.0,0.0,0.0,0.0,1.056599649018608e-05,11181642,18.338407516479492,18.338407516479492,1.0,13.75770320673833,0.6316774630828657,0.8045098340503996,0.7806633888074689,0.9731783664480218,0.275659441947937,0.9294976592063904,0.9234814643859863,0.9951161742210388,0.6444957256317139,0.801436722278595,0.7775508165359497,0.9727441668510437
43,1,identity,0.0,0.0,0.0,0.0,0.0,1.0684853805287275e-05,11181642,18.34647560119629,18.34647560119629,1.0,13.763755985033326,0.6316774630828657,0.8045098340503996,0.7806633888074689,0.9731783664480218,0.2885489761829376,0.9174856543540955,0.9102420210838318,0.9947181344032288,0.6546993851661682,0.7984787821769714,0.7746390700340271,0.9718602895736694
43,2,identity,0.0,0.0,0.0,0.0,0.0,1.0633918464009184e-05,11181642,18.34450626373291,18.34450626373291,1.0,13.762278563380942,0.6316774630828657,0.8045098340503996,0.7806633888074689,0.9731783664480218,0.3124367296695709,0.909699022769928,0.9028959274291992,0.9940084218978882,0.6641560792922974,0.7959050536155701,0.77230304479599,0.971285879611969
43,3,identity,0.0,0.0,0.0,0.0,0.0,1.0751406989584211e-05,11181642,18.354652404785156,18.354652404785156,1.0,13.769890325589033,0.6316774630828657,0.8045098340503996,0.7806633888074689,0.9731783664480218,0.3029407262802124,0.9145450592041016,0.9071473479270935,0.9940381646156311,0.6527562737464905,0.798248291015625,0.7737173438072205,0.9721214771270752
43,4,identity,0.0,0.0,0.0,0.0,0.0,1.0637842024152633e-05,11181642,18.34287738800049,18.34287738800049,1.0,13.761056560387106,0.6316774630828657,0.8045098340503996,0.7806633888074689,0.9731783664480218,0.2815469205379486,0.9245103001594543,0.9162718057632446,0.9950453639030457,0.648645281791687,0.7989782094955444,0.7746679782867432,0.9722349643707275
44,0,identity,0.0,0.0,0.0,0.0,0.0,1.0584833944449201e-05,11181642,18.34117031097412,18.34117031097412,1.0,13.759775889802231,0.6318137272230745,0.8034726490473264,0.7796513939461845,0.9732689284926105,0.29104292392730713,0.9207616448402405,0.9138031005859375,0.9945682287216187,0.65452641248703,0.7981330752372742,0.7745074033737183,0.9721218943595886
44,1,identity,0.0,0.0,0.0,0.0,0.0,1.071016686182702e-05,11181642,18.349393844604492,18.349393844604492,1.0,13.765945287820877,0.6318137272230745,0.8034726490473264,0.7796513939461845,0.9732689284926105,0.2845419645309448,0.9191918969154358,0.911543071269989,0.9949966669082642,0.6560707092285156,0.7973647713661194,0.7738083600997925,0.9717847108840942
44,2,identity,0.0,0.0,0.0,0.0,0.0,1.0546542398515157e-05,11181642,18.34008026123047,18.34008026123047,1.0,13.758958120819822,0.6318137272230745,0.8034726490473264,0.7796513939461845,0.9732689284926105,0.2720237970352173,0.9273769855499268,0.9206902980804443,0.9957050085067749,0.6510511040687561,0.7981330752372742,0.7742002010345459,0.9722397923469543
44,3,identity,0.0,0.0,0.0,0.0,0.0,1.0697112884372473e-05,11181642,18.352269172668457,18.352269172668457,1.0,13.768102394979199,0.6318137272230745,0.8034726490473264,0.7796513939461845,0.9732689284926105,0.31069740653038025,0.9099037647247314,0.9036105871200562,0.9938984513282776,0.665628969669342,0.794791042804718,0.7712509036064148,0.9713571667671204
44,4,identity,0.0,0.0,0.0,0.0,0.0,1.0591524187475443e-05,11181642,18.340880393981934,18.340880393981934,1.0,13.759558390440331,0.6318137272230745,0.8034726490473264,0.7796513939461845,0.9732689284926105,0.269416481256485,0.9307897090911865,0.9237127900123596,0.995549738407135,0.6442376971244812,0.8009757399559021,0.7768381237983704,0.972673237323761
45,0,identity,0.0,0.0,0.0,0.0,0.0,1.0561517228779849e-05,11181642,18.33821964263916,18.33821964263916,1.0,13.757562261428152,0.6294953546131324,0.8054317762753535,0.7822423268276172,0.9735423431605073,0.26489195227622986,0.9327737092971802,0.9263599514961243,0.9956283569335938,0.6447754502296448,0.8019744753837585,0.779170572757721,0.9727300405502319
45,1,identity,0.0,0.0,0.0,0.0,0.0,1.0529040991968941e-05,11181642,18.33611488342285,18.33611488342285,1.0,13.755983244679092,0.6294953546131324,0.8054317762753535,0.7822423268276172,0.9735423431605073,0.2530151605606079,0.9344117045402527,0.9287910461425781,0.9961061477661133,0.6468397378921509,0.8013982772827148,0.7781912088394165,0.9726210832595825
45,2,identity,0.0,0.0,0.0,0.0,0.0,1.0537316484260373e-05,11181642,18.336785316467285,18.336785316467285,1.0,13.756486211953487,0.6294953546131324,0.8054317762753535,0.7822423268276172,0.9735423431605073,0.2912282347679138,0.9185721278190613,0.9121992588043213,0.9949402213096619,0.6639028191566467,0.7951751947402954,0.7717723250389099,0.971535861492157
45,3,identity,0.0,0.0,0.0,0.0,0.0,1.0614810889819637e-05,11181642,18.34479808807373,18.34479808807373,1.0,13.762497493659696,0.6294953546131324,0.8054317762753535,0.7822423268276172,0.9735423431605073,0.26597049832344055,0.9303801655769348,0.9241611957550049,0.9955204725265503,0.6482793688774109,0.8011677861213684,0.7773914933204651,0.9725982546806335
45,4,identity,0.0,0.0,0.0,0.0,0.0,1.056834571500076e-05,11181642,18.339198112487793,18.339198112487793,1.0,13.758296321774566,0.6294953546131324,0.8054317762753535,0.7822423268276172,0.9735423431605073,0.28366053104400635,0.9222578406333923,0.9146311283111572,0.99510258436203,0.655286967754364,0.7988245487213135,0.7743996381759644,0.9718858003616333
46,0,identity,0.0,0.0,0.0,0.0,0.0,1.0481126082595438e-05,11181642,18.331762313842773,18.331762313842773,1.0,13.752717892416873,0.6290668249221836,0.8054317762753535,0.7820034877884313,0.973623781575586,0.26807770133018494,0.9323641657829285,0.9265217185020447,0.9954047203063965,0.6503075361251831,0.8015519380569458,0.7781563997268677,0.9725386500358582
46,1,identity,0.0,0.0,0.0,0.0,0.0,1.0616350664349739e-05,11181642,18.341461181640625,18.341461181640625,1.0,13.759994104622558,0.6290668249221836,0.8054317762753535,0.7820034877884313,0.973623781575586,0.26694515347480774,0.9269724488258362,0.9210103750228882,0.9955943822860718,0.6545340418815613,0.7988629341125488,0.7754538059234619,0.9720895290374756
46,2,identity,0.0,0.0,0.0,0.0,0.0,1.0517058399273083e-05,11181642,18.335854530334473,18.335854530334473,1.0,13.755787924528438,0.6290668249221836,0.8054317762753535,0.7820034877884313,0.973623781575586,0.25493451952934265,0.9329738616943359,0.9271345734596252,0.9962115287780762,0.649800717830658,0.8012446165084839,0.7773722410202026,0.9726102352142334
46,3,identity,0.0,0.0,0.0,0.0,0.0,1.064889511326328e-05,11181642,18.347047805786133,18.347047805786133,1.0,13.764185260089707,0.6290668249221836,0.8054317762753535,0.7820034877884313,0.973623781575586,0.2616778612136841,0.9320865273475647,0.926289439201355,0.9956921935081482,0.6508536338806152,0.8002074360847473,0.7760499119758606,0.9723289608955383
46,4,identity,0.0,0.0,0.0,0.0,0.0,1.047857767844107e-05,11181642,18.33261775970459,18.33261775970459,1.0,13.753359658626167,0.6290668249221836,0.8054317762753535,0.7820034877884313,0.973623781575586,0.2843766510486603,0.9191864132881165,0.9108573794364929,0.9949237704277039,0.6621111631393433,0.7971727252006531,0.7735841870307922,0.9716595411300659
47,0,identity,0.0,0.0,0.0,0.0,0.0,1.0429728718008846e-05,11181642,18.328889846801758,18.328889846801758,1.0,13.750562931633834,0.6288331097979889,0.8058159188690842,0.7823352075254258,0.9737879271538441,0.2669287323951721,0.9284057021141052,0.9225690364837646,0.9955255389213562,0.6603989005088806,0.7978257536888123,0.7746174335479736,0.9720885157585144
47,1,identity,0.0,0.0,0.0,0.0,0.0,1.052635798259871e-05,11181642,18.334189414978027,18.334189414978027,1.0,13.754538734114364,0.6288331097979889,0.8058159188690842,0.7823352075254258,0.9737879271538441,0.2493043690919876,0.9318181872367859,0.9257956147193909,0.9962523579597473,0.6502547860145569,0.801283061504364,0.7786151170730591,0.9725242853164673
47,2,identity,0.0,0.0,0.0,0.0,0.0,1.0456615200382657e-05,11181642,18.33354663848877,18.33354663848877,1.0,13.75405651513436,0.6288331097979889,0.8058159188690842,0.7823352075254258,0.9737879271538441,0.2645467519760132,0.928946852684021,0.9234118461608887,0.9958932399749756,0.650201141834259,0.8016671538352966,0.7788179516792297,0.972629189491272
47,3,identity,0.0,0.0,0.0,0.0,0.0,1.061047260009218e-05,11181642,18.34450054168701,18.34450054168701,1.0,13.762274270630378,0.6288331097979889,0.8058159188690842,0.7823352075254258,0.9737879271538441,0.27706462144851685,0.9241007566452026,0.919284999370575,0.9951505064964294,0.660998523235321,0.7972111105918884,0.7732280492782593,0.971856415271759
47,4,identity,0.0,0.0,0.0,0.0,0.0,1.0438468052598182e-05,11181642,18.327860832214355,18.327860832214355,1.0,13.749790951990772,0.6288331097979889,0.8058159188690842,0.7823352075254258,0.9737879271538441,0.28774169087409973,0.9186403751373291,0.9109154939651489,0.9948063492774963,0.6566104292869568,0.7992854714393616,0.776024580001831,0.9720010161399841
48,0,identity,0.0,0.0,0.0,0.0,0.0,1.0420499165775254e-05,11181642,18.325851440429688,18.325851440429688,1.0,13.748283481084442,0.6267734693652952,0.8068915181315304,0.7837803071054892,0.9739326426592216,0.26371827721595764,0.929634153842926,0.9229719042778015,0.9955517053604126,0.6452622413635254,0.8027811646461487,0.7797960042953491,0.9729824662208557
48,1,identity,0.0,0.0,0.0,0.0,0.0,1.0446728083479684e-05,11181642,18.329319953918457,18.329319953918457,1.0,13.750885603384548,0.6267734693652952,0.8068915181315304,0.7837803071054892,0.9739326426592216,0.23913034796714783,0.9394621849060059,0.934068500995636,0.996537446975708,0.6462060213088989,0.802204966545105,0.7792619466781616,0.9728940725326538
48,2,identity,0.0,0.0,0.0,0.0,0.0,1.0444922736496665e-05,11181642,18.33085823059082,18.33085823059082,1.0,13.752039637827789,0.6267734693652952,0.8068915181315304,0.7837803071054892,0.9739326426592216,0.24625734984874725,0.9366596341133118,0.9310230016708374,0.9965331554412842,0.6488743424415588,0.800783634185791,0.7777901291847229,0.9726869463920593
48,3,identity,0.0,0.0,0.0,0.0,0.0,1.0524794561206363e-05,11181642,18.336179733276367,18.336179733276367,1.0,13.756031895852148,0.6267734693652952,0.8068915181315304,0.7837803071054892,0.9739326426592216,0.2535057067871094,0.9334516525268555,0.9280398488044739,0.995948851108551,0.6490078568458557,0.8010909557342529,0.7776695489883423,0.9727213382720947
48,4,identity,0.0,0.0,0.0,0.0,0.0,1.0389875569671858e-05,11181642,18.32572364807129,18.32572364807129,1.0,13.748187609655183,0.6267734693652952,0.8068915181315304,0.7837803071054892,0.9739326426592216,0.2531563639640808,0.9330421090126038,0.9257264137268066,0.9960705637931824,0.6424751281738281,0.8023970723152161,0.7786893248558044,0.9732082486152649
49,0,identity,0.0,0.0,0.0,0.0,0.0,1.0367626600782387e-05,11181642,18.324732780456543,18.324732780456543,1.0,13.747444248349213,0.6274893769986364,0.8059695759065765,0.7828892995574669,0.9739535494626452,0.23890911042690277,0.9427381753921509,0.9376189112663269,0.9964286088943481,0.6502125859260559,0.802550733089447,0.7795677185058594,0.9727064371109009
49,1,identity,0.0,0.0,0.0,0.0,0.0,1.0398972335678991e-05,11181642,18.324835777282715,18.324835777282715,1.0,13.747521517859363,0.6274893769986364,0.8059695759065765,0.7828892995574669,0.9739535494626452,0.24211497604846954,0.9358449578285217,0.930580198764801,0.9964026212692261,0.6496185660362244,0.801436722278595,0.7785306572914124,0.9727770686149597
49,2,identity,0.0,0.0,0.0,0.0,0.0,1.0433064744574949e-05,11181642,18.33097267150879,18.33097267150879,1.0,13.752125492839067,0.6274893769986364,0.8059695759065765,0.7828892995574669,0.9739535494626452,0.23376625776290894,0.9407548904418945,0.936255931854248,0.996929407119751,0.6531678438186646,0.7995927929878235,0.7757337093353271,0.9727043509483337
49,3,identity,0.0,0.0,0.0,0.0,0.0,1.0531062798690982e-05,11181642,18.339767456054688,18.339767456054688,1.0,13.758723450455667,0.6274893769986364,0.8059695759065765,0.7828892995574669,0.9739535494626452,0.26863932609558105,0.925329327583313,0.9196102023124695,0.9954614639282227,0.6623923778533936,0.7974416017532349,0.7736604809761047,0.9720616936683655
49,4,identity,0.0,0.0,0.0,0.0,0.0,1.0296952495991718e-05,11181642,18.320780754089355,18.320780754089355,1.0,13.744479388626464,0.6274893769986364,0.8059695759065765,0.7828892995574669,0.9739535494626452,0.23352684080600739,0.9419834613800049,0.9362388253211975,0.9967555999755859,0.6423735618591309,0.8031653165817261,0.7802940011024475,0.9732637405395508
