round_id,client_id,codec_class_used,wmape,wmspe_sqrt,mse,mape,mspe_sqrt,w_mean_of_vec,model_size,compressed_bytes,basic_raw_bytes,compression_ratio,entropy_real_rate,global_eval_loss,global_eval_acc,global_eval_f1,global_eval_auc,train_loss,train_acc,train_f1,train_auc,test_loss,test_acc,test_f1,test_auc,bins_per_plane,prior_rate,marginal_rate,phase,round_type,num_planes,encoder_decoder_size,meta_data_size
0,0,cancer,23.00223939278574,60.25180094796563,1.787334585889866e-10,684.9936962127686,6.801990419626236,2.218875306425616e-05,11181642,3.5663890838623047,18.9045467376709,5.3007527482665395,2.6755497985000773,2.6011931380759594,0.08155347264904733,0.059210357968395876,0.5033687448147475,2.1549227237701416,0.23914824426174164,0.15390610694885254,0.6231610774993896,2.22395396232605,0.21819299459457397,0.12944282591342926,0.5814173817634583,8,2.9800755381584167,2.4404736161231995,warmup,P,3,0.1964569091796875,0.09501075744628906
0,1,cancer,22.977946710205476,58.13890911046881,1.829283668985937e-10,716.4641380310059,7.036381214857101,2.3263424736796878e-05,11181642,3.570405960083008,18.9426212310791,5.30545306132043,2.678563309395883,2.6011931380759594,0.08155347264904733,0.059210357968395876,0.5033687448147475,2.133111000061035,0.2383292317390442,0.152953639626503,0.6386803388595581,2.2312841415405273,0.2144283950328827,0.1262952983379364,0.5753871202468872,8,1.7301012873649597,2.4444554448127747,warmup,P,3,0.1964569091796875,0.09486961364746094
0,2,cancer,22.962290734153967,58.175197186147244,1.8792752076723929e-10,716.7643547058105,7.0899635553359985,2.3564451112179086e-05,11181642,3.5704269409179688,18.952497482299805,5.308188011102968,2.6785790494812836,2.6011931380759594,0.08155347264904733,0.059210357968395876,0.5033687448147475,2.130573034286499,0.2534298002719879,0.15273010730743408,0.6336241960525513,2.2147860527038574,0.22718192636966705,0.1333610713481903,0.5814654231071472,8,1.4651123881340027,2.4421287178993225,warmup,P,3,0.1964569091796875,0.09526824951171875
0,3,cancer,22.758975226843845,57.67883290059221,1.8433314596943973e-10,680.9357643127441,7.060740143060684,2.353885065531358e-05,11181642,3.569291114807129,18.951854705810547,5.309697106853845,2.6777269384943643,2.6011931380759594,0.08155347264904733,0.059210357968395876,0.5033687448147475,2.1287176609039307,0.24831070005893707,0.16211889684200287,0.6379292607307434,2.2224655151367188,0.21857713162899017,0.12429668754339218,0.5779817700386047,8,1.3940250873565674,2.4470125436782837,warmup,P,3,0.1964569091796875,0.09502983093261719
0,4,cancer,22.925039470602044,58.042026064455435,1.8197802986730238e-10,704.2175769805908,7.021400332450867,2.3241647795657627e-05,11181642,3.5696306228637695,18.94127655029297,5.3062287254520335,2.6779816416944846,2.6011931380759594,0.08155347264904733,0.059210357968395876,0.5033687448147475,2.137993574142456,0.24005188047885895,0.15628230571746826,0.635822057723999,2.2232906818389893,0.21446681022644043,0.13120344281196594,0.5793331861495972,8,1.3508691489696503,2.444988489151001,warmup,P,3,0.1964569091796875,0.09526634216308594
1,0,cancer,14.681053745998124,35.754806443315935,6.016118853091612e-11,95.40833830833435,4.948383569717407,2.1693207600037567e-05,11181642,4.408624649047852,18.90774154663086,4.288807292930787,3.307405477657038,2.222234952904069,0.21316072526121696,0.12141174179866106,0.5687104717830572,1.9978790283203125,0.31285831332206726,0.21669992804527283,0.7073277831077576,2.0847885608673096,0.281807005405426,0.17436446249485016,0.6504960060119629,8,2.139414072036743,3.092143952846527,warmup,T,3,0.1964569091796875,0.08892822265625
1,1,cancer,23.0361036231797,53.63175609421216,1.366747409692337e-10,343.38080883026123,7.731597870588303,2.179827424697578e-05,11181642,2.9901113510131836,18.914334297180176,6.325628739803002,2.2432190191744645,2.222234952904069,0.21316072526121696,0.12141174179866106,0.5687104717830572,2.0139098167419434,0.3007780611515045,0.20836573839187622,0.700910747051239,2.0991406440734863,0.2770436406135559,0.17470842599868774,0.6437829732894897,8,1.2166007980704308,2.004239283502102,warmup,T,3,0.1964569091796875,0.08956718444824219
1,2,cancer,14.391932732288446,35.85655453720988,6.031108251702832e-11,147.77497053146362,4.677234590053558,2.165858131775167e-05,11181642,4.550138473510742,18.90773105621338,4.155418822149554,3.4135709227678728,2.222234952904069,0.21316072526121696,0.12141174179866106,0.5687104717830572,2.004117012023926,0.3106955289840698,0.20120301842689514,0.6997758150100708,2.093093156814575,0.2795789837837219,0.16410605609416962,0.645491361618042,8,2.1934497356414795,3.5101600289344788,warmup,T,3,0.1964569091796875,0.08844566345214844
1,3,cancer,20.737688991520965,50.41690260844434,1.1661749343971906e-10,251.07264518737793,6.826572865247726,2.1419320546556264e-05,11181642,3.654026985168457,18.902135848999023,5.172960113792811,2.7412968506772084,2.222234952904069,0.21316072526121696,0.12141174179866106,0.5687104717830572,2.019442319869995,0.3016858994960785,0.20776110887527466,0.6955695748329163,2.1126890182495117,0.2707436978816986,0.1684340536594391,0.636174201965332,8,1.50319904088974,2.500153064727783,warmup,T,3,0.1964569091796875,0.08878135681152344
1,4,cancer,23.59984838410347,56.07270679379327,1.471504862404771e-10,201.47242546081543,8.215060830116272,2.1633626602124423e-05,11181642,2.9815683364868164,18.90772247314453,6.341535842651023,2.2368099425826724,2.222234952904069,0.21316072526121696,0.12141174179866106,0.5687104717830572,2.014770984649658,0.3044843375682831,0.20325353741645813,0.7001723051071167,2.0926761627197266,0.28096190094947815,0.17296643555164337,0.646127462387085,8,1.2354234606027603,2.0061312913894653,warmup,T,3,0.1964569091796875,0.088348388671875
2,0,cancer,28.293117982971793,70.01572605988903,2.487623440572406e-10,148.4990954399109,10.380654782056808,2.2526655811816454e-05,11181642,2.6786766052246094,18.93522834777832,7.068874350433424,2.009576768778682,2.093945997180423,0.2759296250768285,0.16217882960250213,0.6440321211810007,1.8693586587905884,0.35906359553337097,0.2557639181613922,0.7576438784599304,1.9283629655838013,0.34277042746543884,0.2232639640569687,0.7183665037155151,4,0.6948905289173126,1.6476489007472992,warmup,R,3,0.1934051513671875,0.09198188781738281
2,1,cancer,32.342836087274634,78.83197980903951,3.10847125817304e-10,236.4635944366455,11.096478253602982,2.236510772490874e-05,11181642,2.768157958984375,18.93187427520752,6.839159670697962,2.076706802095792,2.093945997180423,0.2759296250768285,0.16217882960250213,0.6440321211810007,1.8452247381210327,0.37448811531066895,0.2819717526435852,0.7722946405410767,1.9382046461105347,0.34511369466781616,0.2330748736858368,0.7155237197875977,4,0.6978793442249298,1.7442665100097656,warmup,R,3,0.1934051513671875,0.09058189392089844
2,2,cancer,24.50825472342896,63.58218440806637,2.0084556240362872e-10,157.27359056472778,8.489587157964706,2.2289261323749088e-05,11181642,2.950516700744629,18.92814826965332,6.415197807514995,2.2135146161896437,2.093945997180423,0.2759296250768285,0.16217882960250213,0.6440321211810007,1.856293797492981,0.37785816192626953,0.2722494602203369,0.7607665657997131,1.947251319885254,0.33647048473358154,0.21818877756595612,0.7105919122695923,4,0.7825122624635696,2.159002870321274,warmup,R,3,0.1934051513671875,0.09100532531738281
2,3,cancer,27.683449603174832,66.0344468283262,2.1895020518858388e-10,492.7499771118164,9.013649821281433,2.2407950382330455e-05,11181642,3.30997371673584,18.932111740112305,5.719716638349134,2.4831837756923356,2.093945997180423,0.2759296250768285,0.16217882960250213,0.6440321211810007,1.8491039276123047,0.37615180015563965,0.2723834812641144,0.7676434516906738,1.9294941425323486,0.34665027260780334,0.22594726085662842,0.7180072069168091,4,0.8501371443271637,2.196443259716034,warmup,R,3,0.1934051513671875,0.09146881103515625
2,4,cancer,28.87671161557797,71.70107800120371,2.5785323876093e-10,288.7723445892334,10.027313977479935,2.239549212390557e-05,11181642,2.816065788269043,18.92982578277588,6.722082226073104,2.1126478561914253,2.093945997180423,0.2759296250768285,0.16217882960250213,0.6440321211810007,1.8683918714523315,0.36727869510650635,0.269599974155426,0.7587458491325378,1.92721426486969,0.3443838357925415,0.2295903116464615,0.7198569774627686,4,0.6853022575378418,1.7001699209213257,warmup,R,3,0.1934051513671875,0.09087944030761719
3,0,cancer,28.52741465612519,69.11821646476758,2.5084909149875045e-10,209.969162940979,10.435822606086731,2.2914677174412645e-05,11181642,2.716403007507324,18.9456148147583,6.974522838620889,2.037879588704414,1.9460480903546065,0.339159496004917,0.2180894764461053,0.715511869355133,1.6852288246154785,0.4406224489212036,0.3445512652397156,0.8174813389778137,1.7686618566513062,0.4063076078891754,0.2887866795063019,0.774529755115509,4,0.6272415220737457,1.5085952877998352,warmup,R,3,0.1934051513671875,0.09218978881835938
3,1,cancer,33.66074532521778,81.99501888318504,3.471757326067859e-10,228.06828022003174,11.913273483514786,2.2724127120454796e-05,11181642,2.719723701477051,18.93861484527588,6.963433393984299,2.0403708149482878,1.9460480903546065,0.339159496004917,0.2180894764461053,0.715511869355133,1.6787083148956299,0.4499044418334961,0.35683417320251465,0.8219246864318848,1.7726171016693115,0.40323448181152344,0.2891724705696106,0.7730334997177124,4,0.6062236726284027,1.560469388961792,warmup,R,3,0.1934051513671875,0.08994865417480469
3,2,cancer,33.70349291490016,83.62875504881617,3.4916250446492825e-10,334.6825838088989,12.408562749624252,2.2343858290696517e-05,11181642,2.878814697265625,18.92674446105957,6.5744920918448475,2.159722874332768,1.9460480903546065,0.339159496004917,0.2180894764461053,0.715511869355133,1.6881921291351318,0.44583988189697266,0.3488980233669281,0.8135075569152832,1.7778090238571167,0.39908573031425476,0.2833400070667267,0.7729430794715881,4,0.6526363044977188,1.7964541018009186,warmup,R,3,0.1934051513671875,0.09021377563476562
3,3,cancer,29.569227098925428,72.32902215443696,2.735315030033547e-10,614.2265796661377,9.62384045124054,2.2866046492708847e-05,11181642,3.0483217239379883,18.944361686706543,6.21468578527636,2.2868891706602663,1.9460480903546065,0.339159496004917,0.2180894764461053,0.715511869355133,1.692234992980957,0.4424271285533905,0.34373775124549866,0.8159504532814026,1.7710628509521484,0.4086124897003174,0.29203540086746216,0.7737926244735718,4,0.7393475770950317,1.9150067567825317,warmup,R,3,0.1934051513671875,0.09097099304199219
3,4,cancer,41.152062709821216,91.79015012259185,4.3734593724309434e-10,1038.6968612670898,13.802817463874817,2.2783291569794528e-05,11181642,2.1108665466308594,18.941486358642578,8.973322538497264,1.5835985448291048,1.9460480903546065,0.339159496004917,0.2180894764461053,0.715511869355133,1.6921463012695312,0.44044774770736694,0.34807536005973816,0.8178228735923767,1.7700297832489014,0.401736319065094,0.29078391194343567,0.7752994894981384,4,0.38494423776865005,1.0700124204158783,warmup,R,3,0.1934051513671875,0.0904541015625
4,0,cancer,34.7287342497294,83.049248178252,3.479857235699768e-10,257.44001865386963,12.63468861579895,2.2461823391495273e-05,11181642,2.774905204772949,18.928939819335938,6.821472599055778,2.0817686704689704,1.7889006006878874,0.3988936693300553,0.28024263264661203,0.774034951623493,1.5360785722732544,0.498157262802124,0.40655946731567383,0.8527125716209412,1.615985631942749,0.46062538027763367,0.3526221513748169,0.8187130093574524,4,0.5939340740442276,1.640731692314148,warmup,R,3,0.1934051513671875,0.08841133117675781
4,1,cancer,33.60924941682493,81.52492436278939,3.3989847048054855e-10,445.4373836517334,11.89020574092865,2.261435474792961e-05,11181642,3.7757205963134766,18.93208599090576,5.014164980690202,2.832592923293377,1.7889006006878874,0.3988936693300553,0.28024263264661203,0.774034951623493,1.5424083471298218,0.49822551012039185,0.4098179042339325,0.8529605865478516,1.6408404111862183,0.4482559859752655,0.33916914463043213,0.812913715839386,4,0.9889897108078003,2.6758763790130615,warmup,R,3,0.1934051513671875,0.08736991882324219
4,2,cancer,30.767517562639217,81.5748565265406,3.2719485454357766e-10,201.72455310821533,11.392685770988464,2.2174146579345688e-05,11181642,3.1558609008789062,18.91819667816162,5.994623106770298,2.3675664092983837,1.7889006006878874,0.3988936693300553,0.28024263264661203,0.774034951623493,1.5355440378189087,0.5029690861701965,0.4155557453632355,0.8519429564476013,1.6230230331420898,0.45962661504745483,0.3525646924972534,0.8170653581619263,4,0.7351983487606049,1.9515267610549927,warmup,R,3,0.1934051513671875,0.08726882934570312
4,3,cancer,38.400989303599346,94.79717117711422,4.510838091942304e-10,194.9388861656189,14.376454055309296,2.2404396077035926e-05,11181642,2.1311511993408203,18.9251766204834,8.880259939481105,1.5988163455778677,1.7889006006878874,0.3988936693300553,0.28024263264661203,0.774034951623493,1.5208666324615479,0.5033103823661804,0.41122403740882874,0.8589321970939636,1.609028697013855,0.462584525346756,0.34874260425567627,0.8211289048194885,4,0.3767538294196129,1.1183090806007385,warmup,R,3,0.1934051513671875,0.0882110595703125
4,4,cancer,38.37785314626625,89.61378801679874,4.048818502688789e-10,653.1761169433594,13.3436918258667,2.245377254439518e-05,11181642,3.0049076080322266,18.925965309143066,6.29835182238325,2.2543193566740913,1.7889006006878874,0.3988936693300553,0.28024263264661203,0.774034951623493,1.529433250427246,0.5052897334098816,0.4219644069671631,0.856239914894104,1.615004301071167,0.45858943462371826,0.3525482714176178,0.818731427192688,4,0.6697344481945038,1.8960649073123932,warmup,R,3,0.1934051513671875,0.08859825134277344
5,0,cancer,40.0222506728736,99.8005986707306,4.666003694531184e-10,197.2739815711975,13.57244998216629,2.1644093067152426e-05,11181642,2.060344696044922,18.89844512939453,9.1724676777009,1.5456964191842306,1.6369811739193272,0.4558620159803319,0.3423550612160041,0.8183880672838459,1.374262809753418,0.5659295916557312,0.48783817887306213,0.888053297996521,1.4768331050872803,0.5083358883857727,0.4078393578529358,0.8522356152534485,2,0.727003425359726,1.1040195673704147,routine,T,3,0.194549560546875,0.08666419982910156
5,1,cancer,42.1714069545683,102.58259938902235,5.023692573047356e-10,347.5550651550293,14.205148816108704,2.1849315089639276e-05,11181642,1.9651308059692383,18.902926445007324,9.619169567536272,1.4742657652605942,1.6369811739193272,0.4558620159803319,0.3423550612160041,0.8183880672838459,1.3982837200164795,0.544635534286499,0.46880245208740234,0.8815158009529114,1.4955281019210815,0.5027273893356323,0.4032153785228729,0.8478695750236511,2,0.6705346256494522,1.0157157629728317,routine,T,3,0.194549560546875,0.08596611022949219
5,2,cancer,40.52636284241586,96.71010871475765,4.350458604474028e-10,427.8894901275635,13.61771821975708,2.1567293515545316e-05,11181642,2.058272361755371,18.894389152526855,9.179732237386222,1.5441417280216985,1.6369811739193272,0.4558620159803319,0.3423550612160041,0.8183880672838459,1.389858603477478,0.5566173195838928,0.4772559106349945,0.8813113570213318,1.4794275760650635,0.5100645422935486,0.4108829200267792,0.8521727919578552,2,0.7302171736955643,1.1761504262685776,routine,T,3,0.194549560546875,0.08644485473632812
5,3,cancer,39.91727728853437,97.17128403793228,4.4145381794535865e-10,187.52285242080688,13.44897449016571,2.1622439817292616e-05,11181642,1.976811408996582,18.896020889282227,9.558838442192995,1.4830287000782174,1.6369811739193272,0.4558620159803319,0.3423550612160041,0.8183880672838459,1.3919637203216553,0.554569661617279,0.4765108525753021,0.8829637765884399,1.4870879650115967,0.5064535737037659,0.40914762020111084,0.8504365086555481,2,0.6950909197330475,1.042369470000267,routine,T,3,0.194549560546875,0.08651542663574219
5,4,cancer,42.78600114417723,97.89517792073937,4.5142842242107406e-10,830.4656982421875,13.454417884349823,2.170366860809736e-05,11181642,1.9910926818847656,18.898653030395508,9.491598860433793,1.4937426900270998,1.6369811739193272,0.4558620159803319,0.3423550612160041,0.8183880672838459,1.3949602842330933,0.5514299273490906,0.4766974151134491,0.8823664784431458,1.4869422912597656,0.5054163932800293,0.40983328223228455,0.8499200344085693,2,0.6926638185977936,1.0501318275928497,routine,T,3,0.194549560546875,0.08589363098144531
6,0,cancer,44.227983102661526,103.876377259655,4.645935025582304e-10,1099.406623840332,14.579205214977264,2.0750079784193076e-05,11181642,1.4932384490966797,18.863322257995605,12.632491662270544,1.120246203554004,1.5029305948680651,0.5080285802089736,0.40822455675547265,0.8504852988564761,1.2915937900543213,0.587837815284729,0.5168391466140747,0.8985406756401062,1.392209768295288,0.5427166819572449,0.4576605558395386,0.8700150847434998,2,0.3227339833974838,0.8210272490978241,routine,T,3,0.1949310302734375,0.08504676818847656
6,1,cancer,37.329792334707456,86.08198260566441,3.2391897497596744e-10,828.9209365844727,12.071619182825089,2.0907684302073903e-05,11181642,2.0104751586914062,18.870150566101074,9.385915804293461,1.5082836671036328,1.5029305948680651,0.5080285802089736,0.40822455675547265,0.8504852988564761,1.2668695449829102,0.5965738296508789,0.5293071269989014,0.9041549563407898,1.3692216873168945,0.5499001145362854,0.4641876816749573,0.8742008209228516,2,0.44045180827379227,1.1310163289308548,routine,T,3,0.1949310302734375,0.08451080322265625
6,2,cancer,31.076491916112854,74.13683887482857,2.3611840260784334e-10,381.51280879974365,10.183989256620407,2.0726733055198565e-05,11181642,2.1712474822998047,18.862804412841797,8.687542330670729,1.6288970796954507,1.5029305948680651,0.5080285802089736,0.40822455675547265,0.8504852988564761,1.2667324542999268,0.5956590175628662,0.5264580845832825,0.9030395746231079,1.3651548624038696,0.5476720929145813,0.45781612396240234,0.8752270340919495,2,0.4947943687438965,1.1907222419977188,routine,T,3,0.1949310302734375,0.08625411987304688
6,3,cancer,36.14627818132139,86.98494424524579,3.257945857537692e-10,667.7621841430664,11.671798676252365,2.0750465409946628e-05,11181642,2.1236648559570312,18.863694190979004,8.882613533894013,1.5931999969235289,1.5029305948680651,0.5080285802089736,0.40822455675547265,0.8504852988564761,1.277935266494751,0.5916319489479065,0.5205128192901611,0.8995990753173828,1.3733811378479004,0.5436385869979858,0.450596421957016,0.8731380701065063,2,0.47012893110513687,1.2592927068471909,routine,T,3,0.1949310302734375,0.08689498901367188
6,4,cancer,29.523613074572253,73.87510192174865,2.4065074932799746e-10,280.48107624053955,9.49922502040863,2.0998850231990218e-05,11181642,2.4309568405151367,18.871392250061035,7.762948290789916,1.8237342959111014,1.5029305948680651,0.5080285802089736,0.40822455675547265,0.8504852988564761,1.2749474048614502,0.5915637016296387,0.5241401791572571,0.9025905728340149,1.3609906435012817,0.5518208146095276,0.4652806222438812,0.8759073615074158,2,0.5951304882764816,1.4691046178340912,routine,T,3,0.1949310302734375,0.08438491821289062
7,0,cancer,52.70194968305205,137.78011306558577,7.350279274120908e-10,414.86973762512207,18.87432485818863,1.9677294403663836e-05,11181642,2.653339385986328,18.82190704345703,7.0936673773680665,1.9905684692820607,1.3771929005830656,0.5548939766441303,0.46729584702277593,0.8758746857457883,1.1703413724899292,0.6313813924789429,0.5711273550987244,0.916964590549469,1.2640687227249146,0.5900814533233643,0.5117806196212769,0.8934697508811951,2,0.5939593017101288,1.8083693981170654,routine,R,3,0.1934051513671875,0.0830535888671875
7,1,cancer,40.542063382337695,98.32276807916439,3.785346203155626e-10,497.73340225219727,13.724277913570404,1.9787854398600757e-05,11181642,2.4399032592773438,18.82456684112549,7.715292304950235,1.8304460114176433,1.3771929005830656,0.5548939766441303,0.46729584702277593,0.8758746857457883,1.1388927698135376,0.6395713686943054,0.5787194967269897,0.9228410720825195,1.254374384880066,0.5904271602630615,0.5116610527038574,0.8947666883468628,2,0.5161923617124557,1.5230461061000824,routine,R,3,0.1934051513671875,0.08330345153808594
7,2,cancer,51.10307322425518,132.45752961503368,6.708311128811317e-10,452.63633728027344,17.52914935350418,1.9553745005396195e-05,11181642,1.6673974990844727,18.815815925598145,11.284541290201917,1.2509025060898926,1.3771929005830656,0.5548939766441303,0.46729584702277593,0.8758746857457883,1.1572946310043335,0.6325165629386902,0.5704027414321899,0.9181898236274719,1.258036732673645,0.5869314670562744,0.5087973475456238,0.8946324586868286,2,0.2946560850854212,0.8686147630214691,routine,R,3,0.1934051513671875,0.08349418640136719
7,3,cancer,41.87485699729048,113.45164432970631,4.963034982985448e-10,337.86561489105225,14.785008132457733,1.9636445358628407e-05,11181642,2.40017032623291,18.818049430847168,7.840297509378125,1.8006378669608631,1.3771929005830656,0.5548939766441303,0.46729584702277593,0.8758746857457883,1.1498147249221802,0.6381134390830994,0.5765882134437561,0.92002934217453,1.2615907192230225,0.5874692797660828,0.5056641697883606,0.8931177854537964,2,0.48519616574048996,1.6042699217796326,routine,R,3,0.1934051513671875,0.08469963073730469
7,4,cancer,44.032538182443595,116.09598950960603,5.260791802186304e-10,462.1319770812988,15.765070915222168,1.9756424080696888e-05,11181642,2.2548885345458984,18.823131561279297,8.347699353161152,1.6916456456037494,1.3771929005830656,0.5548939766441303,0.46729584702277593,0.8758746857457883,1.1452324390411377,0.640911877155304,0.5831021070480347,0.922501266002655,1.2597222328186035,0.5869314670562744,0.5078009963035583,0.8941428661346436,2,0.40302735567092896,1.3157252967357635,routine,R,3,0.1934051513671875,0.08322906494140625
8,0,cancer,58.07401364639059,152.51045255735988,7.830946446851783e-10,406.00390434265137,19.75715011358261,1.8348793673794717e-05,11181642,2.654688835144043,18.765440940856934,7.068791148864994,1.9915808429566964,1.2658643117145885,0.5929240934234788,0.5135147542964912,0.8948415661715335,1.0592341423034668,0.6702156662940979,0.6189759969711304,0.9316324591636658,1.1731771230697632,0.6205439567565918,0.5510056614875793,0.907177209854126,2,0.8186596930027008,1.8087705969810486,routine,F,3,0.1934051513671875,0.08257865905761719
8,1,cancer,42.3959420829494,104.30389320965104,3.733304221320566e-10,452.37178802490234,13.743650913238525,1.8524486222304404e-05,11181642,2.448406219482422,18.771230697631836,7.666714186667913,1.8368250387554887,1.2658643117145885,0.5929240934234788,0.5135147542964912,0.8948415661715335,1.0744494199752808,0.6553371548652649,0.6032894849777222,0.9291151762008667,1.2037783861160278,0.6017977595329285,0.5304354429244995,0.9022130370140076,2,0.714712992310524,1.5278318524360657,routine,F,3,0.1934051513671875,0.08356285095214844
8,2,cancer,57.27982710837062,149.66212424074902,7.513356048427511e-10,426.97463035583496,18.925948441028595,1.831492227211129e-05,11181642,1.673172950744629,18.76609992980957,11.215875753584173,1.2552353223256476,1.2658643117145885,0.5929240934234788,0.5135147542964912,0.8948415661715335,1.0599950551986694,0.664459764957428,0.6101391315460205,0.9307937622070312,1.1706346273422241,0.6181238293647766,0.548937201499939,0.9077067375183105,2,0.41002862365201054,0.8714080154895782,routine,F,3,0.1934051513671875,0.08290672302246094
8,3,cancer,44.84227182824502,124.59330019850745,5.193786511981102e-10,292.6318407058716,15.194381773471832,1.829141729103867e-05,11181642,2.401848793029785,18.761969566345215,7.8114699063458275,1.8018970737929187,1.2658643117145885,0.5929240934234788,0.5135147542964912,0.8948415661715335,1.0538326501846313,0.6662343740463257,0.613498866558075,0.9318171739578247,1.172539472579956,0.6168946027755737,0.544310450553894,0.9070753455162048,2,0.6602430194616318,1.606402188539505,routine,F,3,0.1934051513671875,0.08356475830078125
8,4,cancer,48.02938605918034,129.12169253930733,5.701154548454213e-10,420.7873821258545,16.566196084022522,1.8491928130970336e-05,11181642,2.2606449127197266,18.770258903503418,8.303054937062795,1.6959641526709583,1.2658643117145885,0.5929240934234788,0.5135147542964912,0.8948415661715335,1.066551685333252,0.6613882780075073,0.6104777455329895,0.9310038685798645,1.1741104125976562,0.6180086135864258,0.548607349395752,0.907546877861023,2,0.5744675770401955,1.3181916922330856,routine,F,3,0.1934051513671875,0.08196640014648438
9,0,cancer,62.20305951292675,166.9292526624337,8.329661960182477e-10,364.1000032424927,20.361994206905365,1.7289452443947084e-05,11181642,2.654844284057617,18.715859413146973,7.049701380053064,1.991697462680347,1.1755767789953826,0.6225414874001229,0.5492839295945362,0.90858214980304,1.074742317199707,0.6537674069404602,0.6064925193786621,0.9260118007659912,1.1760114431381226,0.6150891184806824,0.5524417757987976,0.9067399501800537,2,1.049361228942871,1.8085312843322754,routine,F,3,0.1934051513671875,0.08161735534667969
9,1,cancer,44.16376999455006,110.71969147536491,3.674165138800589e-10,418.00684928894043,13.66657018661499,1.73122880369192e-05,11181642,2.45235538482666,18.717720985412598,7.632548325264701,1.839787752102956,1.1755767789953826,0.6225414874001229,0.5492839295945362,0.90858214980304,0.9930428862571716,0.6820911765098572,0.6357914209365845,0.9385075569152832,1.1204460859298706,0.6357560157775879,0.5723347663879395,0.9149255752563477,2,0.9269518554210663,1.531688630580902,routine,F,3,0.1934051513671875,0.08217239379882812
9,2,cancer,62.49979423303794,165.54507924346632,8.14349476740972e-10,406.3199520111084,19.760455191135406,1.723808964015916e-05,11181642,1.6764650344848633,18.71487808227539,11.163297591843909,1.2577050848167022,1.1755767789953826,0.6225414874001229,0.5492839295945362,0.90858214980304,1.0019493103027344,0.6856187582015991,0.6377628445625305,0.9371591210365295,1.104065179824829,0.6407498717308044,0.5747336149215698,0.917688250541687,2,0.5447247794385248,0.8733088374137878,routine,F,3,0.1934051513671875,0.08153724670410156
9,3,cancer,47.33013209582595,132.83463284821912,5.321214024966991e-10,280.372953414917,15.382567048072815,1.7365769963362254e-05,11181642,2.4030380249023438,18.718663215637207,7.789582612367488,1.8027892504517673,1.1755767789953826,0.6225414874001229,0.5492839295945362,0.90858214980304,0.984854519367218,0.6907378435134888,0.6427926421165466,0.9400996565818787,1.114100456237793,0.6390596032142639,0.5750174522399902,0.9163864254951477,2,0.862270787358284,1.6081086099147797,routine,F,3,0.1934051513671875,0.08316993713378906
9,4,cancer,51.82225745867586,142.7775786541951,6.21768192488048e-10,383.9533805847168,17.37637221813202,1.7464422853663564e-05,11181642,2.2640933990478516,18.72346782684326,8.269741802488044,1.6985512503440907,1.1755767789953826,0.6225414874001229,0.5492839295945362,0.90858214980304,0.9963977336883545,0.6832980513572693,0.6366161108016968,0.9388663172721863,1.1167138814926147,0.63763827085495,0.575154721736908,0.9161903262138367,2,0.7908334136009216,1.3217012286186218,routine,F,3,0.1934051513671875,0.08052253723144531
10,0,cancer,65.56281518745458,175.64908881670135,8.378738258763008e-10,354.1595697402954,20.514237880706787,1.6479476471431553e-05,11181642,2.6569366455078125,18.677857398986816,7.029846733668342,1.9932671784698526,1.1037782672804122,0.6459357713583282,0.5788407526785362,0.918713678627497,0.9194756746292114,0.711165726184845,0.6688376665115356,0.9479491710662842,1.0463898181915283,0.6601106524467468,0.60126131772995,0.9261312484741211,2,1.285731852054596,1.8109598755836487,routine,F,3,0.1934051513671875,0.08190536499023438
10,1,cancer,45.84786531528572,114.30238141155844,3.5467082049045473e-10,423.829984664917,13.510532677173615,1.6476215023430996e-05,11181642,2.453829765319824,18.67874050140381,7.612076748514493,1.8408938508315684,1.1037782672804122,0.6459357713583282,0.5788407526785362,0.918713678627497,0.905475378036499,0.7151241898536682,0.6742540597915649,0.9492645859718323,1.0442384481430054,0.6613398790359497,0.6020327806472778,0.925930917263031,2,1.1203045845031738,1.5320094525814056,routine,F,3,0.1934051513671875,0.08174705505371094
10,2,cancer,66.89665473699556,179.12007055528028,8.75527039756463e-10,377.754545211792,20.453359186649323,1.65192577696871e-05,11181642,1.6798410415649414,18.677430152893066,11.118569966294642,1.2602378076493594,1.1037782672804122,0.6459357713583282,0.5788407526785362,0.918713678627497,0.9259466528892517,0.7106682062149048,0.6682890057563782,0.945795476436615,1.0404095649719238,0.6613783240318298,0.6023732423782349,0.9265299439430237,2,0.6934115758652979,0.8753209710121155,routine,F,3,0.1934051513671875,0.08146476745605469
10,3,cancer,49.37378398622438,139.88928382890342,5.301926120360179e-10,267.23735332489014,15.39904773235321,1.6460096958326176e-05,11181642,2.4024887084960938,18.672422409057617,7.772116615168673,1.80237714639764,1.1037782672804122,0.6459357713583282,0.5788407526785362,0.918713678627497,0.9240865707397461,0.7069141864776611,0.6647217869758606,0.9463611841201782,1.0515817403793335,0.6558850407600403,0.5957397222518921,0.9249002933502197,2,1.0602511912584305,1.6081384122371674,routine,F,3,0.1934051513671875,0.08123779296875
10,4,cancer,54.91806092380088,152.65253464467733,6.410389441491304e-10,377.54619121551514,17.742708325386047,1.6585867342655547e-05,11181642,2.2679243087768555,18.680853843688965,8.236982941359267,1.7014252468465723,1.1037782672804122,0.6459357713583282,0.5788407526785362,0.918713678627497,0.9412614107131958,0.7026141285896301,0.6615829467773438,0.9448850154876709,1.0675172805786133,0.6532344818115234,0.5943566560745239,0.9229187369346619,2,1.0065370351076126,1.3221279233694077,routine,F,3,0.1934051513671875,0.08216094970703125
11,0,cancer,68.29083908773266,185.04116669399286,8.669226447821643e-10,347.8379964828491,20.73993980884552,1.591189175087493e-05,11181642,2.6579551696777344,18.64657211303711,7.015382473624612,1.9940312880702136,1.0457667154022428,0.6618776889981561,0.5994499705623616,0.9264832540822825,0.8833335041999817,0.719833493232727,0.6814489960670471,0.9511300921440125,1.0087131261825562,0.6741702556610107,0.6191256642341614,0.9311652183532715,2,1.4983683824539185,1.8146144151687622,routine,F,3,0.1934051513671875,0.08112144470214844
11,1,cancer,47.17972759916377,118.6535379224654,3.476342269603805e-10,404.0703773498535,13.433915376663208,1.5713776519987732e-05,11181642,2.45584774017334,18.64195442199707,7.590842916296299,1.8424077608637444,1.0457667154022428,0.6618776889981561,0.5994499705623616,0.9264832540822825,0.8706695437431335,0.7244744896888733,0.6878780126571655,0.9528944492340088,1.0158084630966187,0.6689075231552124,0.6152278184890747,0.9302786588668823,2,1.2946363687515259,1.5312698483467102,routine,F,3,0.1934051513671875,0.0834197998046875
11,2,cancer,70.03792191137445,188.87966700459674,8.971313136818537e-10,341.26133918762207,20.754477381706238,1.5857795006013475e-05,11181642,1.685110092163086,18.64662456512451,11.065523049113565,1.2641907154602159,1.0457667154022428,0.6618776889981561,0.5994499705623616,0.9264832540822825,0.8887222409248352,0.721247673034668,0.6816800832748413,0.9494622945785522,1.0024793148040771,0.6756299734115601,0.6209614276885986,0.9319533109664917,2,0.822066622089892,0.8784493505954742,routine,F,3,0.1934051513671875,0.08198356628417969
11,3,cancer,50.96665424917137,145.08329131317507,5.258598556601157e-10,263.02483081817627,15.342715382575989,1.58058410306694e-05,11181642,2.4025650024414062,18.640881538391113,7.758741811126389,1.8024343830718244,1.0457667154022428,0.6618776889981561,0.5994499705623616,0.9264832540822825,0.8728659152984619,0.7272540926933289,0.6887549161911011,0.9518312811851501,1.007246494293213,0.6729409694671631,0.6172053813934326,0.9311755895614624,2,1.2436292469501495,1.6080032289028168,routine,F,3,0.1934051513671875,0.08161354064941406
11,4,cancer,57.51964194125989,160.31735012463085,6.534584540140997e-10,377.60157585144043,17.99856871366501,1.594514469616115e-05,11181642,2.265047073364258,18.64946174621582,8.233586827189384,1.699266708771395,1.0457667154022428,0.6618776889981561,0.5994499705623616,0.9264832540822825,0.8872015476226807,0.7161968350410461,0.6794189214706421,0.9502779841423035,1.0157654285430908,0.669445276260376,0.6165904402732849,0.9299366474151611,2,1.2066347748041153,1.3188123255968094,routine,F,3,0.1934051513671875,0.08057022094726562
12,0,cancer,70.57089163383566,191.81563585988877,8.75173711278876e-10,348.1111526489258,20.90959995985031,1.542279642308131e-05,11181642,2.6604928970336914,18.622382164001465,6.999598527312151,1.9959351229452704,0.9981760238311594,0.6784726490473264,0.6207377949945078,0.9326252191798987,0.8326506018638611,0.7356674671173096,0.6986635327339172,0.9558534026145935,0.9664034247398376,0.6870390176773071,0.6350658535957336,0.9365026950836182,2,1.6911861300468445,1.8160231709480286,routine,F,3,0.1934051513671875,0.08148384094238281
12,1,cancer,48.50053465728663,122.83945385686414,3.4644698221342196e-10,412.94026374816895,13.309608399868011,1.5152368177950848e-05,11181642,2.455018997192383,18.610485076904297,7.580586992682209,1.841786027490417,0.9981760238311594,0.6784726490473264,0.6207377949945078,0.9326252191798987,0.8120151162147522,0.7451542615890503,0.7092108130455017,0.9581443071365356,0.9578832983970642,0.6923018097877502,0.6403422355651855,0.9372442364692688,2,1.4405201077461243,1.5302663147449493,routine,F,3,0.1934051513671875,0.08241081237792969
12,2,cancer,72.95899094782472,198.79652605148937,9.296203806741232e-10,321.9564437866211,21.050192415714264,1.533712747914251e-05,11181642,1.6856012344360352,18.618216514587402,11.045445467306296,1.2645591765502777,0.9981760238311594,0.6784726490473264,0.6207377949945078,0.9326252191798987,0.8555715680122375,0.732168436050415,0.6939374804496765,0.9520355463027954,0.9632603526115417,0.6868853569030762,0.6332209706306458,0.936528742313385,2,0.9481689801926905,0.880223959684372,routine,F,3,0.1934051513671875,0.081268310546875
12,3,cancer,52.403769890173976,149.56278587774042,5.195116559164603e-10,284.2545747756958,15.235885977745056,1.523961873317603e-05,11181642,2.4022445678710938,18.612674713134766,7.748034884570311,1.80219398904025,0.9981760238311594,0.6784726490473264,0.6207377949945078,0.9326252191798987,0.8304408192634583,0.7383796572685242,0.7009904980659485,0.9557120203971863,0.9647762775421143,0.6869238018989563,0.6338752508163452,0.9361306428909302,2,1.4084814190864563,1.608064889907837,routine,F,3,0.1934051513671875,0.08136940002441406
12,4,cancer,59.64339091794528,168.1317981981174,6.730214163752635e-10,380.26204109191895,18.190674483776093,1.5429952327394858e-05,11181642,2.2652721405029297,18.623477935791016,8.221298272646518,1.6994355569602388,0.9981760238311594,0.6784726490473264,0.6207377949945078,0.9326252191798987,0.84743732213974,0.7310081124305725,0.697576105594635,0.9547998905181885,0.9876888394355774,0.6793561577796936,0.6293831467628479,0.9347104430198669,2,1.3924541175365448,1.3183330595493317,routine,F,3,0.1934051513671875,0.08085441589355469
13,0,cancer,72.15858574413126,196.94408025824447,8.617338509431249e-10,345.8467483520508,20.75261026620865,1.490540034865262e-05,11181642,2.6643924713134766,18.59541416168213,6.979232362308497,1.998860632454518,0.9585288550015527,0.6914950829748002,0.6382280154406184,0.9374969304346091,0.8198410272598267,0.7419465184211731,0.7078200578689575,0.9562662243843079,0.9412580728530884,0.697449266910553,0.6480216383934021,0.9395157098770142,2,1.8455613255500793,1.818207561969757,routine,F,3,0.1934051513671875,0.0820159912109375
13,1,cancer,49.653197446040096,127.34182442272296,3.521305469433855e-10,416.45259857177734,13.352645933628082,1.4736039702256676e-05,11181642,2.456822395324707,18.588088035583496,7.565906298703693,1.8431389593764493,0.9585288550015527,0.6914950829748002,0.6382280154406184,0.9374969304346091,0.7832724452018738,0.7529347538948059,0.7212563157081604,0.9609325528144836,0.9376755952835083,0.6947218775749207,0.6466166973114014,0.9399557709693909,2,1.5669636130332947,1.5286260843276978,routine,F,3,0.1934051513671875,0.08283805847167969
13,2,cancer,75.09418822290786,204.40259996673538,9.309851778382949e-10,305.44726848602295,21.20579332113266,1.4927427400834858e-05,11181642,1.6858034133911133,18.59837245941162,11.032349508653368,1.264710853736866,0.9585288550015527,0.6914950829748002,0.6382280154406184,0.9374969304346091,0.8057764768600464,0.7486178278923035,0.7136886119842529,0.9576426148414612,0.9230114221572876,0.6991010904312134,0.6491791605949402,0.9415505528450012,2,1.0468069186921412,0.8810892701148987,routine,F,3,0.1934051513671875,0.0807647705078125
13,3,cancer,53.30668193671452,152.4472542633215,5.104492939445038e-10,271.32575511932373,15.16391783952713,1.482028983446071e-05,11181642,2.4024438858032227,18.5904541015625,7.738142901659095,1.8023435198515567,0.9585288550015527,0.6914950829748002,0.6382280154406184,0.9374969304346091,0.79743492603302,0.7480035424232483,0.7147077322006226,0.9589552879333496,0.9362888932228088,0.6964889168739319,0.6473166346549988,0.940139651298523,2,1.5496184825897217,1.6079022884368896,routine,F,3,0.1934051513671875,0.08117103576660156
13,4,cancer,61.21457537087166,172.4235799615852,6.667446594832427e-10,379.5043706893921,18.158473074436188,1.4975561498431489e-05,11181642,2.265488624572754,18.598076820373535,8.209300465536845,1.699597966023237,0.9585288550015527,0.6914950829748002,0.6382280154406184,0.9374969304346091,0.7970983982086182,0.747116208076477,0.7165029644966125,0.9598004221916199,0.9317324757575989,0.7027888894081116,0.655335545539856,0.9407827258110046,2,1.5444326102733612,1.3175379782915115,routine,F,3,0.1934051513671875,0.0814361572265625
14,0,cancer,43.32539853066789,108.05930129133034,2.4916477214809163e-10,393.9686059951782,10.92124879360199,1.4607677258027252e-05,11181642,2.005157470703125,18.580931663513184,9.266569800624001,1.504294270912984,0.9235470419052414,0.7031730178242164,0.6524813124747093,0.9417737981040395,0.7690776586532593,0.7604422569274902,0.7309169769287109,0.9621496200561523,0.9088199138641357,0.7078595757484436,0.6626526117324829,0.9439978003501892,2,0.7227843254804611,1.0699381232261658,routine,T,3,0.1953125,0.08118247985839844
14,1,cancer,40.5491989435506,97.40214491647802,1.941581756481625e-10,333.9902639389038,9.922560304403305,1.4305706827144604e-05,11181642,2.073993682861328,18.56474781036377,8.951207500666746,1.5559360601958103,0.9235470419052414,0.7031730178242164,0.6524813124747093,0.9417737981040395,0.7458280324935913,0.7633087635040283,0.7338218688964844,0.9644149541854858,0.902735710144043,0.7088967561721802,0.6610029339790344,0.9441483020782471,2,0.7352800816297531,1.130317360162735,routine,T,3,0.1953125,0.08292579650878906
14,2,cancer,40.78538320188265,100.22357496454859,2.1259273508267285e-10,221.15490436553955,10.336709022521973,1.4548034414474387e-05,11181642,2.0213842391967773,18.577155113220215,9.190313624193529,1.516467796053567,0.9235470419052414,0.7031730178242164,0.6524813124747093,0.9417737981040395,0.7866193652153015,0.7543512582778931,0.7231208086013794,0.959526002407074,0.9071019887924194,0.7062845826148987,0.6592389941215515,0.9438201189041138,2,0.7134770005941391,1.0736784636974335,routine,T,3,0.1953125,0.08114433288574219
14,3,cancer,42.0815629188064,106.14806794306635,2.3505183910366156e-10,109.9267840385437,10.769913345575333,1.4443409781961236e-05,11181642,2.011241912841797,18.570980072021484,9.233588437793394,1.5088588956791855,0.9235470419052414,0.7031730178242164,0.6524813124747093,0.9417737981040395,0.753317654132843,0.7624735236167908,0.7315148711204529,0.9632671475410461,0.9002126455307007,0.7099723219871521,0.6635443568229675,0.9448059797286987,2,0.7073110044002533,1.0510972738265991,routine,T,3,0.1953125,0.08199310302734375
14,4,cancer,41.73404337638782,106.8943598726235,2.466422066582652e-10,204.89506721496582,10.731031000614166,1.4691931937704794e-05,11181642,2.022648811340332,18.58454990386963,9.188223778479053,1.5174164939281727,0.9235470419052414,0.7031730178242164,0.6524813124747093,0.9417737981040395,0.7794943451881409,0.7531909346580505,0.724768340587616,0.9614424705505371,0.9181017875671387,0.7021358609199524,0.6571592092514038,0.9426522254943848,2,0.7318776696920395,1.0758918821811676,routine,T,3,0.1953125,0.08277320861816406
15,0,cancer,27.447214198690705,69.48440988548626,9.693559843704236e-11,133.73801708221436,7.352080196142197,1.4169491805660073e-05,11181642,2.403409957885742,18.5568790435791,7.721062727019496,1.803068279238416,0.8923695385181325,0.7160417947141979,0.670112228309144,0.9456659506677558,0.7582712769508362,0.7605105042457581,0.7313905954360962,0.962455153465271,0.8814380168914795,0.7152351140975952,0.6719014048576355,0.9467523097991943,2,0.5976600646972656,1.4602066576480865,routine,T,3,0.1956939697265625,0.08011627197265625
15,1,cancer,32.660876365551786,80.92091159371687,1.267281973804657e-10,259.69083309173584,8.325226604938507,1.3911560927226674e-05,11181642,2.0598487854003906,18.546823501586914,9.003973317382037,1.5453243808020325,0.8923695385181325,0.7160417947141979,0.670112228309144,0.9456659506677558,0.734093964099884,0.7653562426567078,0.738331139087677,0.9652917981147766,0.8946443796157837,0.7082052826881409,0.6650590300559998,0.9454346895217896,2,0.47104888781905174,1.236373171210289,routine,T,3,0.1956939697265625,0.08306121826171875
15,2,cancer,40.22275144116881,106.86550921913035,2.282595917835195e-10,324.2645740509033,10.737546533346176,1.4137641301203985e-05,11181642,1.6513395309448242,18.5563907623291,11.237174678251629,1.2388556170909424,0.8923695385181325,0.7160417947141979,0.670112228309144,0.9456659506677558,0.751380443572998,0.7678656578063965,0.7409899830818176,0.9633179903030396,0.8788216710090637,0.718039333820343,0.6747121214866638,0.9475427269935608,2,0.3275284605460911,0.9707428812980652,routine,T,3,0.1956939697265625,0.08078575134277344
15,3,cancer,35.86025737651315,94.538808081885,1.7516089967362092e-10,379.833722114563,9.317272901535034,1.3999369002704043e-05,11181642,2.2257823944091797,18.54725742340088,8.332915863648088,1.6698098544024214,0.8923695385181325,0.7160417947141979,0.670112228309144,0.9456659506677558,0.765923023223877,0.7523036003112793,0.7236664295196533,0.9618088603019714,0.9132156372070312,0.7047864198684692,0.6616426110267639,0.9439966082572937,2,0.5247740745544434,1.3635964542627335,routine,T,3,0.1956939697265625,0.08094596862792969
15,4,cancer,35.43377055133526,92.01754272764705,1.715889791364944e-10,175.24410486221313,9.367511421442032,1.4235543858376332e-05,11181642,1.8327083587646484,18.562233924865723,10.128307559735115,1.3749207853372518,0.8923695385181325,0.7160417947141979,0.670112228309144,0.9456659506677558,0.7256612777709961,0.774008572101593,0.7476243376731873,0.9664338827133179,0.8721982836723328,0.7198448181152344,0.6770538091659546,0.9479349851608276,2,0.3800879381597042,0.9728333130478859,routine,T,3,0.1956939697265625,0.08171463012695312
16,0,cancer,37.95407752431056,100.8636949460502,1.934571808304142e-10,199.27217960357666,9.660603106021881,1.3789786862616893e-05,11181642,2.1924257278442383,18.53712749481201,8.45507661189469,1.644785264990598,0.8626848020634917,0.7250307314074985,0.6817051379864445,0.9492117087466401,0.700232982635498,0.7841932773590088,0.7577723860740662,0.9681823253631592,0.8506319522857666,0.7248770594596863,0.6833266019821167,0.9504299163818359,2,0.3723360598087311,1.2455224990844727,routine,R,3,0.1934051513671875,0.08027267456054688
16,1,cancer,40.05627503595836,106.92614807877172,2.0997802108180252e-10,415.059757232666,10.12176051735878,1.3551987649407238e-05,11181642,2.43399715423584,18.52673053741455,7.611648397029892,1.8260151773773476,0.8626848020634917,0.7250307314074985,0.6817051379864445,0.9492117087466401,0.7009395360946655,0.7792110443115234,0.754833996295929,0.9686667323112488,0.8702782392501831,0.716925323009491,0.6759958863258362,0.9484151601791382,2,0.4487989470362663,1.6002544164657593,routine,R,3,0.1934051513671875,0.08184623718261719
16,2,cancer,58.26411742815313,152.59413470145978,4.389626162559779e-10,555.5524826049805,15.507940948009491,1.373017039441038e-05,11181642,1.5092134475708008,18.533970832824707,12.280549754348273,1.1322308476697787,0.8626848020634917,0.7250307314074985,0.6817051379864445,0.9492117087466401,0.7105599641799927,0.7821991443634033,0.7564738392829895,0.966934084892273,0.8489871621131897,0.7261447310447693,0.6837232708930969,0.9505903720855713,2,0.21464639157056808,0.626474142074585,routine,R,3,0.1934051513671875,0.07993125915527344
16,3,cancer,36.19553665746113,100.25197430854568,1.8735360485244712e-10,160.55485010147095,9.642932564020157,1.365331445413176e-05,11181642,2.599215507507324,18.528857231140137,7.128634458213706,1.9499640571572583,0.8626848020634917,0.7250307314074985,0.6817051379864445,0.9492117087466401,0.6861551403999329,0.7854071259498596,0.7581497430801392,0.9695727229118347,0.8422369956970215,0.7301782369613647,0.6890219449996948,0.9514383673667908,2,0.6654799692332745,1.3788943439722061,routine,R,3,0.1934051513671875,0.079376220703125
16,4,cancer,44.79974187078695,123.51787030102672,2.940805099438393e-10,205.42855262756348,12.564054131507874,1.3883639439882245e-05,11181642,1.2853822708129883,18.54249095916748,14.425662606533063,0.9643098929477442,0.8626848020634917,0.7250307314074985,0.6817051379864445,0.9492117087466401,0.7034204006195068,0.7796737551689148,0.7548736333847046,0.9685747623443604,0.8535533547401428,0.7256837487220764,0.6849417686462402,0.9503032565116882,2,0.16051127575337887,0.4990992844104767,routine,R,3,0.1934051513671875,0.08109283447265625
17,0,cancer,39.62211529109537,106.28841058601117,2.031396439949873e-10,202.82487869262695,9.906776994466782,1.340946437267121e-05,11181642,2.1911401748657227,18.516623497009277,8.450679563731706,1.6438208270305918,0.8389495790700789,0.7330593116164721,0.6925700107762397,0.9520064151265657,0.6747429966926575,0.7915642857551575,0.768146276473999,0.9704412221908569,0.8262680172920227,0.7350184321403503,0.695889413356781,0.9534240365028381,2,0.4437774643301964,1.2464892864227295,routine,F,3,0.1934051513671875,0.07755470275878906
17,1,cancer,42.17694995695131,114.03660825356772,2.2903179353050973e-10,406.4905643463135,10.663870722055435,1.327099835179979e-05,11181642,2.435044288635254,18.50863552093506,7.60094410081897,1.8268007507305277,0.8389495790700789,0.7330593116164721,0.6925700107762397,0.9520064151265657,0.6539241671562195,0.7949085235595703,0.7721158862113953,0.9726437926292419,0.8329256176948547,0.7317532300949097,0.6929854154586792,0.9524253010749817,2,0.5419571921229362,1.6009699702262878,routine,F,3,0.1934051513671875,0.0812835693359375
17,2,cancer,61.867839401174926,164.89626654791562,4.851212209722178e-10,529.7367095947266,16.458018124103546,1.335716569883516e-05,11181642,1.5123624801635742,18.513694763183594,12.241572378323738,1.1345932913967376,0.8389495790700789,0.7330593116164721,0.6925700107762397,0.9520064151265657,0.6955618262290955,0.7843832969665527,0.7618697285652161,0.9684433937072754,0.8389845490455627,0.7287569046020508,0.6897324919700623,0.9524154663085938,2,0.25949370115995407,0.6282261610031128,routine,F,3,0.1934051513671875,0.0788421630859375
17,3,cancer,38.238534743581084,108.54528448430317,2.1003671024644177e-10,158.20715427398682,10.172823816537857,1.335170236416161e-05,11181642,2.60113525390625,18.511320114135742,7.116631127249689,1.951404274971422,0.8389495790700789,0.7330593116164721,0.6925700107762397,0.9520064151265657,0.6789216995239258,0.7834960222244263,0.7569482326507568,0.9702659845352173,0.8400783538818359,0.7296404242515564,0.690446674823761,0.9518625140190125,2,0.740685697644949,1.38153787702322,routine,F,3,0.1934051513671875,0.07975578308105469
17,4,cancer,48.85341022452776,137.11218153988142,3.473362708561467e-10,218.18301677703857,13.693766295909882,1.3592490176961292e-05,11181642,1.2892303466796875,18.52623176574707,14.369993549608834,0.9671967677019171,0.8389495790700789,0.7330593116164721,0.6925700107762397,0.9520064151265657,0.6830945611000061,0.7854071259498596,0.762941300868988,0.970405638217926,0.849121630191803,0.7276045083999634,0.6911613941192627,0.9513211846351624,2,0.18871577456593513,0.5005542635917664,routine,F,3,0.1934051513671875,0.08049774169921875
18,0,cancer,41.40278891135133,112.62024805146002,2.2083025685848412e-10,178.80563735961914,10.313397645950317,1.3195103747420944e-05,11181642,2.1930923461914062,18.50021457672119,8.43567513645709,1.6452853704312838,0.8170784065235445,0.7394744929317763,0.7010112344945166,0.9544665344646621,0.6363314390182495,0.806238055229187,0.7836766839027405,0.9737839102745056,0.799035906791687,0.7448909282684326,0.7077524662017822,0.9561776518821716,2,0.5492448061704636,1.2476509809494019,routine,F,3,0.1934051513671875,0.07868003845214844
18,1,cancer,44.140368700360426,122.13766038455243,2.4929550090924124e-10,390.34645557403564,11.074376106262207,1.2927293937536888e-05,11181642,2.434788703918457,18.48977279663086,7.593994816418409,1.8266090078720103,0.8170784065235445,0.7394744929317763,0.7010112344945166,0.9544665344646621,0.628350019454956,0.8020747900009155,0.7807690501213074,0.9747856855392456,0.8092038631439209,0.7428933382034302,0.7057240605354309,0.9551739692687988,2,0.6376080065965652,1.6009095013141632,routine,F,3,0.1934051513671875,0.08089447021484375
18,2,cancer,65.81406121820575,177.98030333987018,5.381962653316918e-10,525.8219718933105,17.386972904205322,1.3034620678809006e-05,11181642,1.5124492645263672,18.495874404907227,12.229087506415842,1.1346583981136222,0.8170784065235445,0.7394744929317763,0.7010112344945166,0.9544665344646621,0.6637075543403625,0.7971469759941101,0.7737556099891663,0.9708982706069946,0.809433102607727,0.74131840467453,0.7045405507087708,0.9551696181297302,2,0.3213631138205528,0.6287661194801331,routine,F,3,0.1934051513671875,0.07821083068847656
18,3,cancer,40.29504006222351,115.77190561882975,2.2923031528510052e-10,153.50829362869263,10.725117474794388,1.307774437009357e-05,11181642,2.599123954772949,18.497305870056152,7.116746331427666,1.9498953731482371,0.8170784065235445,0.7394744929317763,0.7010112344945166,0.9544665344646621,0.6272932887077332,0.8039724230766296,0.7800828814506531,0.9746205806732178,0.8030339479446411,0.7444683313369751,0.7068478465080261,0.9559154510498047,2,0.828137706965208,1.3705576434731483,routine,F,3,0.1934051513671875,0.07831382751464844
18,4,cancer,52.49347574484242,149.0653172987211,3.8737288376999857e-10,216.68875217437744,14.445498585700989,1.3203467460698448e-05,11181642,1.290583610534668,18.503602981567383,14.33739188265504,0.968212003210262,0.8170784065235445,0.7394744929317763,0.7010112344945166,0.9544665344646621,0.6432663202285767,0.7996041178703308,0.7789695858955383,0.9735106825828552,0.8049597144126892,0.7423171401023865,0.7063124179840088,0.9555712938308716,2,0.2258114255964756,0.5023237019777298,routine,F,3,0.1934051513671875,0.07944297790527344
19,0,cancer,42.739321551710916,116.98462797640951,2.266870025025014e-10,177.08085775375366,10.508153587579727,1.2870176760770846e-05,11181642,2.1928796768188477,18.485227584838867,8.429658854632141,1.6451258232019947,0.7964296371532351,0.7467732022126613,0.7102092641030714,0.9566720412416758,0.6164315342903137,0.8108790516853333,0.7900968194007874,0.9752758145332336,0.7876400947570801,0.7473878264427185,0.710789680480957,0.9573284983634949,2,0.6463610082864761,1.2485793232917786,routine,F,3,0.1934051513671875,0.07668495178222656
19,1,cancer,46.06740495194488,128.78400307029494,2.6769841898754976e-10,386.6834878921509,11.449946463108063,1.2704599612334277e-05,11181642,2.434366226196289,18.474441528320312,7.5890148858936195,1.8262920597887145,0.7964296371532351,0.7467732022126613,0.7102092641030714,0.9566720412416758,0.6055890321731567,0.8127217888832092,0.7925102710723877,0.976699948310852,0.7933703064918518,0.7470421195030212,0.7106819152832031,0.9568580985069275,2,0.750751793384552,1.6011845767498016,routine,F,3,0.1934051513671875,0.07994651794433594
19,2,cancer,69.89598885027696,189.18844692233696,5.891263032964389e-10,526.0486602783203,18.282808363437653,1.2829495972255245e-05,11181642,1.5124235153198242,18.48290252685547,12.220718826199278,1.134639080736085,0.7964296371532351,0.7467732022126613,0.7102092641030714,0.9566720412416758,0.6513875126838684,0.7985802888870239,0.777328610420227,0.9719623327255249,0.8031555414199829,0.7432391047477722,0.7081089019775391,0.9560351371765137,2,0.3932618722319603,0.62935009598732,routine,F,3,0.1934051513671875,0.07656669616699219
19,3,cancer,42.18596793029996,121.05027000073582,2.399850596024322e-10,168.28351020812988,11.072757840156555,1.2797535418940242e-05,11181642,2.6013402938842773,18.480708122253418,7.104302411222923,1.9515580985332923,0.7964296371532351,0.7467732022126613,0.7102092641030714,0.9566720412416758,0.6171205043792725,0.8063613176345825,0.783379316329956,0.975158154964447,0.7895411252975464,0.7496926784515381,0.7142696976661682,0.9572917222976685,2,0.9345723539590836,1.3816435560584068,routine,F,3,0.1934051513671875,0.07902145385742188
19,4,cancer,55.942712258321336,159.67888796036635,4.2821612922239183e-10,218.38390827178955,15.280593931674957,1.2959373634657823e-05,11181642,1.2923269271850586,18.486024856567383,14.304449182091693,0.9695198612153743,0.7964296371532351,0.7467732022126613,0.7102092641030714,0.9566720412416758,0.6158164143562317,0.8110026717185974,0.7916950583457947,0.9755997657775879,0.7872680425643921,0.7499616146087646,0.7152458429336548,0.9576520919799805,2,0.2658291682600975,0.5032384842634201,routine,F,3,0.1934051513671875,0.07973480224609375
20,0,cancer,44.089558520451895,121.6875842749108,2.3697460660443426e-10,177.63545513153076,10.684148222208023,1.2650411008507945e-05,11181642,2.193674087524414,18.46949291229248,8.41943341416569,1.6457218000719394,0.7786436215931459,0.7525737553779963,0.7175900928059893,0.9585451205567894,0.619708240032196,0.8073300719261169,0.7880967855453491,0.9746959209442139,0.7897761464118958,0.746196985244751,0.7113267779350281,0.9575348496437073,2,0.7547400444746017,1.2485876977443695,routine,F,3,0.1934051513671875,0.07722663879394531
20,1,cancer,47.927853189243315,135.60246897102587,2.8958899167541574e-10,387.82150745391846,11.868008971214294,1.2549413440865465e-05,11181642,2.4331588745117188,18.466373443603516,7.589464723017444,1.825386289419747,0.7786436215931459,0.7525737553779963,0.7175900928059893,0.9585451205567894,0.5984832644462585,0.8129948377609253,0.7937121391296387,0.9768930077552795,0.787135899066925,0.747464656829834,0.7134044766426086,0.9577142000198364,2,0.8672322928905487,1.6010786294937134,routine,F,3,0.1934051513671875,0.07809638977050781
20,2,cancer,73.30101346698811,200.19659426273824,6.356986048672297e-10,531.0028553009033,18.93489360809326,1.2594152394740377e-05,11181642,1.5128107070922852,18.467161178588867,12.207185665735988,1.1349295568575706,0.7786436215931459,0.7525737553779963,0.7175900928059893,0.9585451205567894,0.6285523176193237,0.8073168992996216,0.7871146202087402,0.9737784266471863,0.7771726846694946,0.7508066892623901,0.715864896774292,0.9587080478668213,2,0.46071742475032806,0.6300065070390701,routine,F,3,0.1934051513671875,0.07662010192871094
20,3,cancer,43.74159197309373,128.04140401181644,2.6108118444945205e-10,159.30451154708862,11.45724207162857,1.2619360859389417e-05,11181642,2.599559783935547,18.468466758728027,7.104459329174609,1.9502223376495151,0.7786436215931459,0.7525737553779963,0.7175900928059893,0.9585451205567894,0.5862740278244019,0.8157122135162354,0.7926844954490662,0.977672815322876,0.7687626481056213,0.755378007888794,0.7200896143913269,0.9594202637672424,2,1.0181583911180496,1.3703478276729584,routine,F,3,0.1934051513671875,0.07815933227539062
20,4,cancer,59.34242491047904,170.43826212961318,4.720624446896693e-10,222.53475189208984,16.043825447559357,1.2747723303618841e-05,11181642,1.2896623611450195,18.476283073425293,14.326449798086088,0.967520870369486,0.7786436215931459,0.7525737553779963,0.7175900928059893,0.9585451205567894,0.6039186120033264,0.8118899464607239,0.7942703366279602,0.9765642881393433,0.7784527540206909,0.7534188628196716,0.7213727235794067,0.9591583609580994,2,0.3080274872481823,0.5023496225476265,routine,F,3,0.1934051513671875,0.07731246948242188
21,0,cancer,45.19732151742256,126.7275271224024,2.495796069812428e-10,172.87789583206177,10.884012281894684,1.2466185580706224e-05,11181642,2.1970338821411133,18.458765029907227,8.40167517667879,1.6482423601113325,0.7630839128947068,0.7571450522433928,0.7231792662087453,0.9601469136222927,0.5913969874382019,0.8176358342170715,0.7990268468856812,0.9769584536552429,0.7596555948257446,0.7571450471878052,0.7244020700454712,0.9605112671852112,2,0.8589529693126678,1.2507666051387787,routine,F,3,0.1934051513671875,0.07664299011230469
21,1,cancer,49.108803124011374,140.05416141898516,2.9683222546594834e-10,343.11211109161377,12.058459222316742,1.2301540664338972e-05,11181642,2.432328224182129,18.449028968811035,7.584925745379009,1.824763125129565,0.7630839128947068,0.7571450522433928,0.7231792662087453,0.9601469136222927,0.587149441242218,0.8134725689888,0.7944768667221069,0.9776034355163574,0.7746532559394836,0.7523432970046997,0.7190036773681641,0.9589752554893494,2,0.9660863429307938,1.5993052124977112,routine,F,3,0.1934051513671875,0.07766342163085938
21,2,cancer,76.46143763014585,212.47598723332044,6.931184515224231e-10,495.66311836242676,19.65072751045227,1.2390643860271666e-05,11181642,1.513010025024414,18.455673217773438,12.197984753918359,1.1350790876688772,0.7630839128947068,0.7571450522433928,0.7231792662087453,0.9601469136222927,0.6200370788574219,0.8086137175559998,0.790118932723999,0.9747274518013,0.780643880367279,0.7517286539077759,0.7201300859451294,0.9589992761611938,2,0.532064899802208,0.6294232606887817,routine,F,3,0.1934051513671875,0.07660484313964844
21,3,cancer,45.12477781800811,132.57392437594385,2.694275080816766e-10,171.21832370758057,11.705290526151657,1.2381203305267263e-05,11181642,2.6009349822998047,18.45326519012451,7.0948583166072545,1.951254028701688,0.7630839128947068,0.7571450522433928,0.7231792662087453,0.9601469136222927,0.5619273781776428,0.82376629114151,0.8029758930206299,0.9794922471046448,0.7499708533287048,0.7627919316291809,0.7303367257118225,0.9614289999008179,2,1.1041104421019554,1.3715623617172241,routine,F,3,0.1934051513671875,0.07793998718261719
21,4,cancer,62.46750130401494,180.45115978053857,5.10652409246859e-10,237.35296726226807,16.66550487279892,1.2522845281637274e-05,11181642,1.294102668762207,18.461310386657715,14.265723139506177,0.9708520448070149,0.7630839128947068,0.7571450522433928,0.7231792662087453,0.9601469136222927,0.5791831016540527,0.8198075294494629,0.8027837872505188,0.9784407615661621,0.7586597800254822,0.7595651745796204,0.727419376373291,0.960676908493042,2,0.3575725257396698,0.5060169249773026,routine,F,3,0.1934051513671875,0.0782012939453125
22,0,cancer,46.16978315601831,128.48242153231166,2.4767923822999194e-10,173.8904595375061,10.962346941232681,1.2249012797838077e-05,11181642,2.1979074478149414,18.447052001953125,8.393006730238953,1.6488977200307433,0.7459122870385317,0.7634449907805777,0.7311257618188926,0.9618729174217266,0.5587813854217529,0.8312175869941711,0.8140288591384888,0.979519248008728,0.7458752989768982,0.7619468569755554,0.7306526899337769,0.9620296359062195,2,0.9641452431678772,1.251144826412201,routine,F,3,0.1934051513671875,0.07615280151367188
22,1,cancer,50.38845872213854,143.71710246949542,3.0552618768275863e-10,340.01574516296387,12.226255983114243,1.2162301572971046e-05,11181642,2.4333057403564453,18.439650535583496,7.578024507878876,1.825496470017552,0.7459122870385317,0.7634449907805777,0.7311257618188926,0.9618729174217266,0.5429812669754028,0.8293748497962952,0.8121736645698547,0.9809586405754089,0.7396454811096191,0.766287624835968,0.7348419427871704,0.9623802304267883,2,1.0719736963510513,1.5999582409858704,routine,F,3,0.1934051513671875,0.0773773193359375
22,2,cancer,79.03166455058478,217.8129462116403,7.081149000498499e-10,496.23751640319824,20.01975327730179,1.221710135723697e-05,11181642,1.5135869979858398,18.445518493652344,12.186625888170393,1.1355119400173963,0.7459122870385317,0.7634449907805777,0.7311257618188926,0.9618729174217266,0.5688788890838623,0.8252679109573364,0.8065193891525269,0.9785177707672119,0.7395629286766052,0.7668254375457764,0.7353234887123108,0.9624587893486023,2,0.5945534259080887,0.6321496367454529,routine,F,3,0.1934051513671875,0.07530403137207031
22,3,cancer,46.44088354966801,136.969809287331,2.8121288631055563e-10,174.1776943206787,11.926227062940598,1.2243138371559326e-05,11181642,2.5824737548828125,18.44414234161377,7.1420444473987414,1.9374041844659309,0.7459122870385317,0.7634449907805777,0.7311257618188926,0.9618729174217266,0.5620564818382263,0.8230155110359192,0.8020252585411072,0.9792559742927551,0.7488068342208862,0.7621389031410217,0.7299374938011169,0.9616528749465942,2,1.1886222213506699,1.3554466217756271,routine,F,3,0.1934051513671875,0.0776214599609375
22,4,cancer,65.13651031228092,189.03090389240137,5.4628396251033e-10,243.22874546051025,17.208348214626312,1.2364495887595695e-05,11181642,1.2979564666748047,18.44928741455078,14.214103391168004,0.9737432123117518,0.7459122870385317,0.7634449907805777,0.7311257618188926,0.9618729174217266,0.5623874664306641,0.8264964818954468,0.8092468976974487,0.979508638381958,0.7458644509315491,0.7664029002189636,0.7361120581626892,0.961844801902771,2,0.40201908349990845,0.507591113448143,routine,F,3,0.1934051513671875,0.0785369873046875
23,0,cancer,38.7352073467089,99.91467381282229,1.4636225564856886e-10,112.49234676361084,8.745177835226059,1.2108358532714192e-05,11181642,2.0175647735595703,18.43806266784668,9.138771111331698,1.5136023850522133,0.7332293431800644,0.7681699446834666,0.7368717432052445,0.9631286687387753,0.5486334562301636,0.8338793516159058,0.8187459707260132,0.9800457954406738,0.7290202975273132,0.769322395324707,0.7383434772491455,0.9635775089263916,2,0.5747521817684174,1.0616561472415924,routine,T,3,0.1956939697265625,0.076629638671875
23,1,cancer,39.95917970001826,102.62540846533,1.5250144203005078e-10,115.36239385604858,8.975543081760406,1.2033226084895432e-05,11181642,1.9913110733032227,18.432517051696777,9.256472933242211,1.4939065300069525,0.7332293431800644,0.7681699446834666,0.7368717432052445,0.9631286687387753,0.5434290170669556,0.8289653062820435,0.8122154474258423,0.9807913899421692,0.7378189563751221,0.7656345963478088,0.7358489632606506,0.96285080909729,2,0.589641883969307,1.0453013628721237,routine,T,3,0.1956939697265625,0.07729911804199219
23,2,cancer,39.42725035496614,97.8646217813724,1.4110114465726298e-10,226.91519260406494,8.742858469486237,1.213778796227416e-05,11181642,2.0281877517700195,18.437682151794434,9.090717629915517,1.521571876473956,0.7332293431800644,0.7681699446834666,0.7368717432052445,0.9631286687387753,0.5574653148651123,0.8310012817382812,0.8126562833786011,0.9792478680610657,0.7250633239746094,0.7726259827613831,0.7419741153717041,0.9638368487358093,2,0.602650836110115,1.0973981022834778,routine,T,3,0.1956939697265625,0.07616424560546875
23,3,cancer,39.35181997697333,101.91363374172859,1.517408559914557e-10,106.10005855560303,8.873121440410614,1.2087012692063581e-05,11181642,2.0297536849975586,18.435376167297363,9.082568147829,1.52274665921159,0.7332293431800644,0.7681699446834666,0.7368717432052445,0.9631286687387753,0.5291561484336853,0.8353013396263123,0.8160884976387024,0.9817800521850586,0.7290173768997192,0.7697449326515198,0.7393518686294556,0.96366286277771,2,0.6054576113820076,1.076691135764122,routine,T,3,0.1956939697265625,0.07721900939941406
23,4,cancer,39.682367955080785,104.10512126115555,1.6114595768890183e-10,204.7739028930664,9.030691534280777,1.2193759175715968e-05,11181642,2.024993896484375,18.44052219390869,9.106458160651044,1.519175806200914,0.7332293431800644,0.7681699446834666,0.7368717432052445,0.9631286687387753,0.6208629608154297,0.8047915101051331,0.7867480516433716,0.9749205708503723,0.7999811768531799,0.7466195225715637,0.7150859832763672,0.9574410915374756,2,0.5953131914138794,1.0797523111104965,routine,T,3,0.1956939697265625,0.07835006713867188
